{
    "MAKOVEY, YELENA": [
        "Compliant", 
        "yelena.makovey@va.gov", 
        "NURSING SERVICE UCC STAFF SAC", 
        "02/04/17"
    ], 
    "GONZALEZ, DANIS": [
        "Compliant", 
        "danise.gonzalez@va.gov", 
        "NURSING SERVICE SPECIALTY CLINICS SAC", 
        "05/25/17"
    ], 
    "AMPHONEPHONG, PANG": [
        "Compliant", 
        "pang.amphonephong@va.gov", 
        "NURSING SERVICE MSU INPATIENT SAC", 
        "04/07/17"
    ], 
    "PEREZ, HUI": [
        "Compliant", 
        "hui.perez@va.gov", 
        "NURSING SERVICE UCC STAFF SAC", 
        "05/19/17"
    ], 
    "GUTIERREZ, REBECK": [
        "Compliant", 
        "rebeck.gutierrez@va.gov", 
        "NURSING SERVICE PRIMARY CARE CLINICS SAC", 
        "05/11/17"
    ], 
    "OPADA, CHRISTIE": [
        "Compliant", 
        "christie.opada@va.gov", 
        "NURSING SERVICE SPECIALTY CLINICS SAC", 
        "06/23/17"
    ], 
    "LAIS, BYRON": [
        "Deficient", 
        "byron.lais@va.gov", 
        "RADIOLOGY SERVICE SAC", 
        "07/20/16"
    ], 
    "SAMSON, LARAMIE": [
        "Compliant", 
        "laramie.samson@va.gov", 
        "NURSING SERVICE SPECIALTY CLINICS SAC", 
        "05/06/17"
    ], 
    "GERDES, ANGELIC": [
        "Compliant", 
        "angelic.gerdes@va.gov", 
        "NURSING SERVICE OR SAC", 
        "12/31/16"
    ], 
    "WACHTER, SARA": [
        "Compliant", 
        "sara.chesarek@va.gov", 
        "NURSING SERVICE UCC STAFF SAC", 
        "05/21/17"
    ], 
    "FORD, JONATHAN": [
        "Compliant", 
        "jonathan.ford@ucdmc.ucdavis.edu", 
        "NON-VA STAFF", 
        "05/11/17"
    ], 
    "SHELBURNE, RHONDA": [
        "Compliant", 
        "rhonda.shelburne@va.gov", 
        "NURSING SERVICE LASSEN TEAM  RED", 
        "12/25/16"
    ], 
    "BANNER, KELLY": [
        "Compliant", 
        "kelly.banner@va.gov", 
        "NURSING SERVICE OR SAC", 
        "02/22/17"
    ], 
    "HALL, EILEEN": [
        "Compliant", 
        "eileen.hall@va.gov", 
        "UNSPECIFIED", 
        "06/16/17"
    ], 
    "CARTER, ROBERT": [
        "Compliant", 
        "robert.carter4@va.gov", 
        "SURGICAL SERVICE SAC", 
        "04/07/17"
    ], 
    "GUPTA, CHARU": [
        "Deficient", 
        "charu.gupta2@va.gov", 
        "FEE - MEDICAL SERVICE", 
        "01/15/16"
    ], 
    "STOVER, SOOK": [
        "Compliant", 
        "yoon-sook.stover@va.gov", 
        "MEDICAL SERVICE HOSPITALISTS SAC", 
        "04/12/17"
    ], 
    "CLARK, CHRISTOPHER": [
        "Compliant", 
        "christopher.clark2@va.gov", 
        "NURSING SERVICE TCU SAC", 
        "04/15/17"
    ], 
    "BALTAZAR, NANCY": [
        "Compliant", 
        "nancy.baltazar@va.gov", 
        "NURSING SERVICE OR SAC", 
        "05/29/17"
    ], 
    "WHETZEL, THOMAS": [
        "Compliant", 
        "thomas.whetzel@va.gov", 
        "SURGICAL SERVICE SAC", 
        "05/25/17"
    ], 
    "BERTHIAUME, CORY": [
        "Compliant", 
        "cory.berthiaume@va.gov", 
        "NURSING SERVICE CAT LAB AND RADIOLOGY", 
        "04/07/17"
    ], 
    "TARK, ERNEST": [
        "Compliant", 
        "ernest.tark@va.gov", 
        "SURGICAL SERVICE EAST BAY", 
        "05/30/17"
    ], 
    "WRIGHT, MATTHEW": [
        "Compliant", 
        "matthew.wright@va.gov", 
        "NURSING SERVICE ICU SAC", 
        "05/25/17"
    ], 
    "BOTE-ZINGAPAN, LOURDES": [
        "Compliant", 
        "lourdes.bote01@va.gov", 
        "NURSING SERVICE ICU SAC", 
        "04/15/17"
    ], 
    "CHU, DAVID": [
        "Deficient", 
        "david.chu3@va.gov", 
        "SURGICAL SERVICE EAST BAY", 
        "01/24/15"
    ], 
    "GALANO, ERNESTO": [
        "Compliant", 
        "ernest.galano@va.gov", 
        "NURSING SERVICE ICU SAC", 
        "07/13/17"
    ], 
    "YUNG, VICTORIA": [
        "Compliant", 
        "vyyung@ucdavis.edu", 
        "NON-VA STAFF", 
        "02/23/17"
    ], 
    "PEREZ, YOLANDA": [
        "Compliant", 
        "yolanda.perez@va.gov", 
        "NURSING SERVICE SPECIALTY CLINICS", 
        "03/02/17"
    ], 
    "PATIL, ANITA": [
        "Compliant", 
        "anita.patil@va.gov", 
        "UNSPECIFIED", 
        "06/28/17"
    ], 
    "TERRADO, HAZEL": [
        "Compliant", 
        "hazel.terrado@va.gov", 
        "NURSING SERVICE SPECIALTY CLINICS SAC", 
        "01/26/17"
    ], 
    "PABLA, SUKHDEV": [
        "Compliant", 
        "sukhdev.pabla@va.gov", 
        "MEDICAL SERVICE HEM/ONCOLOGY ? DGMC/FF", 
        "06/03/17"
    ], 
    "SCHEERLINCK, PIETER": [
        "Compliant", 
        "pscheerlinck@ucdavis.edu", 
        "NON-VA STAFF", 
        "05/14/17"
    ], 
    "GRACE, NALANI": [
        "Compliant", 
        "nalanigrace@gmail.com", 
        "SURGICAL SERVICE SAC", 
        "06/23/17"
    ], 
    "PRICE, ELLA": [
        "Compliant", 
        "ella.price@va.gov", 
        "NURSING SERVICE MSU INPATIENT SAC", 
        "07/27/16"
    ], 
    "SWAMY, NARAYANA": [
        "Compliant", 
        "narayana.swamy@va.gov", 
        "SURGICAL SERVICE SAC", 
        "05/29/17"
    ], 
    "STEELE, TOBY": [
        "Compliant", 
        "steelet@ohsu.edu", 
        "SURGICAL SERVICE SAC", 
        "05/11/17"
    ], 
    "TAG-AT, JOANNE": [
        "Compliant", 
        "joanne.tag-at@va.gov", 
        "NURSING SERVICE ICU SAC", 
        "03/13/17"
    ], 
    "HOWARD, SHAWNIECE": [
        "Deficient", 
        "ladyniecy1@gmail.com", 
        "BDMS FRONT OFFICE MCCL", 
        "11/21/15"
    ], 
    "SZETO, DEBORAH": [
        "Compliant", 
        "deborahszeto@gmail.com", 
        "NURSING SERVICE ICU SAC", 
        "03/18/17"
    ], 
    "KENYON, NICHOLAS": [
        "Compliant", 
        "njkenyon@ucdavis.edu", 
        "NON-VA STAFF", 
        "06/16/17"
    ], 
    "WROBLICKY, PETER": [
        "Compliant", 
        "peter.wroblicky@va.gov", 
        "MEDICAL SERVICE ED SAC", 
        "04/27/17"
    ], 
    "HENDERSON, CYNTHIA": [
        "Compliant", 
        "cynthia.henderson2@va.gov", 
        "UNSPECIFIED", 
        "06/28/17"
    ], 
    "VERSOZA, MICHAEL": [
        "Compliant", 
        "michael.versoza@med.va.gov", 
        "NURSING SERVICE UCC STAFF SAC", 
        "04/15/17"
    ], 
    "STUTZMAN, BRIAN": [
        "Deficient", 
        "brian.stutzman@va.gov", 
        "NURSING SERVICE EDUCATION", 
        "07/26/16"
    ], 
    "CLUGSTON, ROBERT": [
        "Compliant", 
        "robert.clugston@va.gov", 
        "NURSING SERVICE CLERICAL SUPPORT EAST BAY", 
        "10/22/16"
    ], 
    "GARDNER, JANET": [
        "Compliant", 
        "janet.gardner@va.gov", 
        "NURSING SERVICE UCC STAFF SAC", 
        "06/16/17"
    ], 
    "RICE, LARRY": [
        "Compliant", 
        "larry.rice3@va.gov", 
        "NURSING SERVICE OR SAC", 
        "03/25/17"
    ], 
    "BARKER-TILLEY, JENNIFER": [
        "Compliant", 
        "jennifer.barker-tilley@va.gov", 
        "NURSING SERVICE UCC STAFF SAC", 
        "11/13/16"
    ], 
    "KEOCHEKIAN, ANNETTE": [
        "Compliant", 
        "annette.keochekian@va.gov", 
        "ANESTHESIOLOGY SVC STAFF", 
        "03/12/17"
    ], 
    "REYES-DELFIN, MARY": [
        "Compliant", 
        "mary.reyesgalzote@va.gov", 
        "NURSING SERVICE PRIMARY CARE CLINICS SAC", 
        "05/29/17"
    ], 
    "CHARY, SESHA": [
        "Compliant", 
        "sesha.chary@va.gov", 
        "FEE - MEDICAL SERVICE RHEUMATOLOGY", 
        "06/28/17"
    ], 
    "TATE, SAMUEL": [
        "Compliant", 
        "sjtate@gmail.com", 
        "NON-VA STAFF", 
        "05/30/17"
    ], 
    "BHATTARAI, ATUL": [
        "Compliant", 
        "atul.bhattarai@va.gov", 
        "NURSING SERVICE MSU INPATIENT SAC", 
        "02/22/17"
    ], 
    "DASALLA, CAROLINE": [
        "Compliant", 
        "caroline.dasalla@va.gov", 
        "NURSING SERVICE UCC STAFF SAC", 
        "04/27/17"
    ], 
    "CABALLES, AL": [
        "Compliant", 
        "aldaniel.caballes@va.gov", 
        "NURSING SERVICE UCC STAFF SAC", 
        "12/29/16"
    ], 
    "MANUGO, BRYAN": [
        "Compliant", 
        "bryan.manugo@va.gov", 
        "NURSING SERVICE CAT LAB AND RADIOLOGY", 
        "04/06/17"
    ], 
    "CARMODY, KIMBERLY": [
        "Compliant", 
        "kimberly.carmody@va.gov", 
        "NURSING SERVICE UCC STAFF SAC", 
        "01/05/17"
    ], 
    "PATEL, ROMA": [
        "Compliant", 
        "rpatel0121@gmail.com", 
        "SURGICAL SERVICE SAC", 
        "03/10/17"
    ], 
    "NIELSEN, ALISON": [
        "Compliant", 
        "alison.nielsen@va.gov", 
        "ANESTHESIOLOGY SVC STAFF", 
        "04/15/17"
    ], 
    "DE AQUINO, AQUINO,": [
        "Compliant", 
        "wdeaquino88@gmail.com", 
        "NURSING SERVICE CAT LAB AND RADIOLOGY", 
        "04/08/17"
    ], 
    "VALLEE, DONNA": [
        "Compliant", 
        "donna.vallee@va.gov", 
        "NURSING SERVICE CAT LAB AND RADIOLOGY", 
        "03/11/17"
    ], 
    "CHAN, HILLY": [
        "Compliant", 
        "hilly.chan@va.gov", 
        "NURSING SERVICE MSU INPATIENT SAC", 
        "02/13/17"
    ], 
    "GUEVARA, SALVADOR": [
        "Compliant", 
        "guevara.salvador.g@gmail.com", 
        "SURGICAL SERVICE SAC", 
        "06/03/17"
    ], 
    "MORRISSEY, BRIAN": [
        "Deficient", 
        "bmmorrissey@ucdavis.edu", 
        "MEDICAL SERVICE PHYSICIANS SAC", 
        "09/26/15"
    ], 
    "BIALK, JOEDALYN": [
        "Compliant", 
        "joedalyn.bialk@va.gov", 
        "NURSING SERVICE SPECIALTY CLINICS SAC", 
        "01/18/17"
    ], 
    "RILEY, ABIGAIL": [
        "Compliant", 
        "abigail.riley@va.gov", 
        "NURSING SERVICE MSU INPATIENT SAC", 
        "06/03/17"
    ], 
    "SZUGGAR, VICTORIA": [
        "Compliant", 
        "victoria.szuggar@va.gov", 
        "UNSPECIFIED", 
        "10/01/16"
    ], 
    "MOMOH, MOSES": [
        "Compliant", 
        "moses.momoh2@va.gov", 
        "NURSING SERVICE MSU INPATIENT SAC", 
        "06/03/17"
    ], 
    "BARBER, REGINA": [
        "Compliant", 
        "regina.barber@va.gov", 
        "NURSING SERVICE MSU INPATIENT SAC", 
        "05/28/17"
    ], 
    "ABUAN, GLORIOUS": [
        "Deficient", 
        "glorious.abuan@va.gov", 
        "NURSING SERVICE PRIMARY CARE SAC", 
        "06/28/16"
    ], 
    "MATOLO, NATHANIEL": [
        "Deficient", 
        "nathaniel.matolo@va.gov", 
        "SURGICAL SERVICE SAC", 
        "07/20/16"
    ], 
    "LOUIS, NICHOLAS": [
        "Compliant", 
        "nicholas.louis@va.gov", 
        "NURSING SERVICE ICU SAC", 
        "06/15/17"
    ], 
    "KUNGYS, ARNOLDAS": [
        "Compliant", 
        "arnoldas.kungys@va.gov", 
        "SURGICAL SERVICE SAC", 
        "10/26/16"
    ], 
    "HAUPRICH, ROBIN": [
        "Compliant", 
        "robin.hauprich@va.gov", 
        "UNSPECIFIED", 
        "12/08/16"
    ], 
    "LEMONS, KATRINIA": [
        "Compliant", 
        "katrinia.lemons@va.gov", 
        "MEDICAL SERVICE ED SAC", 
        "08/08/16"
    ], 
    "AVENA, JESSICA": [
        "Compliant", 
        "jessica.avena@va.gov", 
        "UNSPECIFIED", 
        "05/11/17"
    ], 
    "EBERLE, MARY": [
        "Deficient", 
        "ucdmary@gmail.com", 
        "MEDICAL SERVICE HEM/ONCOLOGY ? DGMC/FF", 
        "05/10/16"
    ], 
    "LEE, EUGENE": [
        "Compliant", 
        "eugene.lee01@va.gov", 
        "SURGICAL SERVICE SAC", 
        "06/02/17"
    ], 
    "WONG, TIFFANY": [
        "Compliant", 
        "tiffany.wong@va.gov", 
        "SURGICAL SERVICE OPTHAMALOGY SAC", 
        "05/25/17"
    ], 
    "HALL MITCHELL, MITCHELL,": [
        "Compliant", 
        "melissa.hall@va.gov", 
        "NURSING SERVICE OR SAC", 
        "03/09/17"
    ], 
    "OK, JOON-HA": [
        "Compliant", 
        "joon-ha.ok@va.gov", 
        "SURGICAL SERVICE SAC", 
        "09/01/16"
    ], 
    "GODLEY, SHELLEY": [
        "Compliant", 
        "shelley.godley@va.gov", 
        "SURGICAL SERVICE SAC", 
        "06/15/17"
    ], 
    "PHAN, AMY": [
        "Compliant", 
        "amy.phan@va.gov", 
        "NURSING SERVICE TCU SAC", 
        "05/26/17"
    ], 
    "NUTTER, ROBERT": [
        "Compliant", 
        "robert.nutter@va.gov", 
        "NURSING SERVICE OR SAC", 
        "12/07/16"
    ], 
    "REGUERA, TIFFANY": [
        "Compliant", 
        "tiffany.reguera@va.gov", 
        "MEDICAL SERVICE TRIAGE RED", 
        "04/01/17"
    ], 
    "NISSEN, NANCY": [
        "Compliant", 
        "nancy.nissen@va.gov", 
        "OFFICE OF THE DIRECTORS C & P MCCL", 
        "04/27/17"
    ], 
    "GREAVES, CLYVE": [
        "Compliant", 
        "clyves.greaves@va.gov", 
        "ANESTHESIOLOGY SVC STAFF", 
        "01/19/17"
    ], 
    "HIRASHIMA, IKUMI": [
        "Compliant", 
        "ikumi.hirashima@va.gov", 
        "NURSING SERVICE CAT LAB AND RADIOLOGY", 
        "11/23/16"
    ], 
    "WHITE, LADAWN": [
        "Deficient", 
        "ladawn.white@va.gov", 
        "NURSING SERVICE OR SAC", 
        "01/15/16"
    ], 
    "AWREY, JULIANNE": [
        "Deficient", 
        NaN, 
        "NON-VA STAFF", 
        "01/15/16"
    ], 
    "KEITH, REBEKAH": [
        "Compliant", 
        "rebekah.keith@va.gov", 
        "NURSING SERVICE ICU SAC", 
        "02/04/17"
    ], 
    "NAVARRA, ERROL": [
        "Compliant", 
        "errol.navarra@va.gov", 
        "NURSING SERVICE OR SAC", 
        "03/18/17"
    ], 
    "BECKERMAN, NATHAN": [
        "Compliant", 
        "nsbeckerman@gmail.com", 
        "FEE - MEDICAL SERVICE SAC", 
        "06/16/17"
    ], 
    "GONZALES-CABEBE, L": [
        "Compliant", 
        "liberty.gonzales-cabebe@va.gov", 
        "NURSING SERVICE ICU SAC", 
        "06/10/17"
    ], 
    "MEDINA, VLADIMIR": [
        "Compliant", 
        "vladimir.medina@va.gov", 
        "UNSPECIFIED", 
        "12/12/16"
    ], 
    "DSOUZA, SHANTHI": [
        "Compliant", 
        "shanthi.dsouza@va.gov", 
        "UNSPECIFIED", 
        "05/30/17"
    ], 
    "LEE, RANDALL": [
        "Compliant", 
        "randall.lee@va.gov", 
        "MEDICAL SERVICE PHYSICIANS SAC", 
        "03/16/17"
    ], 
    "VENTURA, JULIETA": [
        "Deficient", 
        "julieta.ventura@va.gov", 
        "UNSPECIFIED", 
        "05/10/16"
    ], 
    "DELAO, SARA": [
        "Compliant", 
        "sara.delao@va.gov", 
        "NURSING SERVICE MSU INPATIENT SAC", 
        "04/24/17"
    ], 
    "FORD, MARILYN": [
        "Compliant", 
        "marilyn.ford@va.gov", 
        "UNSPECIFIED", 
        "04/07/17"
    ], 
    "SHOJAMANESH, HOMAYOUN": [
        "Compliant", 
        "homayoun.shojamanesh@va.gov", 
        "MEDICAL SERVICE PHYSICIANS SAC", 
        "01/22/17"
    ], 
    "GIOVANIELLO, KELLI": [
        "Compliant", 
        "kelli.campbell-giovaniello@va.gov", 
        "MEDICAL SERVICE TRIAGE RED", 
        "12/08/16"
    ], 
    "BAKER, JON": [
        "Compliant", 
        "jon.baker@va.gov", 
        "SURGICAL SERVICE SAC", 
        "03/25/17"
    ], 
    "TUMULAK, IAN": [
        "Compliant", 
        "ian.tumulak@va.gov", 
        "NURSING SERVICE OR SAC", 
        "04/06/17"
    ], 
    "WALTER, THOMAS": [
        "Compliant", 
        "thomas.walter2@va.gov", 
        "ANESTHESIOLOGY SVC STAFF", 
        "11/10/16"
    ], 
    "ELIE, GREGORY": [
        "Compliant", 
        "gregory.elie@va.gov", 
        "NURSING SERVICE PRIMARY CARE SAC", 
        "04/15/17"
    ], 
    "CACHO, ANDREA": [
        "Compliant", 
        "andrea.cacho@va.gov", 
        "NURSING SERVICE ICU SAC", 
        "06/10/17"
    ], 
    "CHENOWETH, JAMES": [
        "Compliant", 
        "james.chenoweth@ucdmc.ucdavis.edu", 
        "NON-VA STAFF", 
        "03/20/17"
    ], 
    "BALANCE, AUREA": [
        "Compliant", 
        "aurea.balance@va.gov", 
        "NURSING SERVICE TCU SAC", 
        "06/15/17"
    ], 
    "CRISENO, ERWIN": [
        "Compliant", 
        "erwin.criseno@va.gov", 
        "NURSING SERVICE PRIMARY CARE SAC", 
        "03/25/17"
    ], 
    "KIETURAKIS, JOLANTA": [
        "Compliant", 
        "jolanta.kieturakis@va.gov", 
        "ANESTHESIOLOGY SVC STAFF", 
        "04/28/17"
    ], 
    "HARDIN, KIMBERLY": [
        "Deficient", 
        "kahardin@ucdavis.edu", 
        "MEDICAL SERVICE PHYSICIANS SAC", 
        "03/07/15"
    ], 
    "TANAKA, MICHAEL": [
        "Deficient", 
        "michael.tanaka@va.gov", 
        "MEDICAL SERVICE HEMATOLOGY ONCOLOGY", 
        "09/26/15"
    ], 
    "FARKAS, LINDA": [
        "Deficient", 
        "linda.farkas@va.gov", 
        "SURGICAL SERVICE SAC", 
        "01/15/16"
    ], 
    "NOONAN, SEANEEN": [
        "Compliant", 
        "seaneen.noonan@va.gov", 
        "NURSING SERVICE NURSE EDUCATION/VANAP", 
        "05/11/17"
    ], 
    "SINGH, VIRMEET": [
        "Compliant", 
        "virmeet.singh2@va.gov", 
        "MEDICAL SERVICE PHYSICIANS SAC", 
        "03/18/17"
    ], 
    "MALLOY, ROBERT": [
        "Deficient", 
        "robert.malloy@va.gov", 
        "UNSPECIFIED", 
        "05/10/16"
    ], 
    "FORD, SHEILA": [
        "Compliant", 
        "sheila.ford@va.gov", 
        "UNSPECIFIED", 
        "03/29/17"
    ], 
    "MARTELL, REECE": [
        "Compliant", 
        "reece.martell@va.gov", 
        "NURSING SERVICE UCC STAFF SAC", 
        "02/20/17"
    ], 
    "TOLARI-MALM, SUZZANNE": [
        "Compliant", 
        "suzzane.tolari-malm@va.gov", 
        "NURSING SERVICE UCC STAFF SAC", 
        "03/29/17"
    ], 
    "EMERICK, BAO-PHUONG": [
        "Compliant", 
        "bao-phuong.emerick@va.gov", 
        "NURSING SERVICE MSU INPATIENT SAC", 
        "10/22/16"
    ], 
    "SCHLUND, JOHN": [
        "Compliant", 
        "john.schlund@va.gov", 
        "MEDICAL SERVICE ED SAC", 
        "07/05/17"
    ], 
    "RUSTE, CLARISSA": [
        "Compliant", 
        "clarissa.ruste@va.gov", 
        "NURSING SERVICE MSU INPATIENT SAC", 
        "01/05/17"
    ], 
    "PURGANAN, MARITES": [
        "Compliant", 
        "marites.purganan@va.gov", 
        "NURSING SERVICE CAT LAB AND RADIOLOGY", 
        "04/07/17"
    ], 
    "ORISEK, BRIAN": [
        "Compliant", 
        "brian.orisek@va.gov", 
        "SURGICAL SERVICE SAC", 
        "05/11/17"
    ], 
    "DAVIS, MARCIA": [
        "Compliant", 
        "marcia.davis@va.gov", 
        "MEDICAL SERVICE ED SAC", 
        "02/25/17"
    ], 
    "GOYAL, POORNIMA": [
        "Compliant", 
        "poornima.goyal@va.gov", 
        "UNSPECIFIED", 
        "02/22/17"
    ], 
    "MILLERSON, BRADY": [
        "Compliant", 
        "brady.millerson@va.gov", 
        "UNSPECIFIED", 
        "12/15/16"
    ], 
    "BHAT, AMOGH": [
        "Compliant", 
        "amogh.bhat@va.gov", 
        "MEDICAL SERVICE PHYSICIANS SAC", 
        "03/18/17"
    ], 
    "KUMAR, MUNISH": [
        "Compliant", 
        "munish.kumar@va.gov", 
        "UNSPECIFIED", 
        "04/07/17"
    ], 
    "NGUYEN, KIMBERLY": [
        "Compliant", 
        "kimberly.nguyen@va.gov", 
        "NURSING SERVICE ICU SAC", 
        "01/19/17"
    ], 
    "MORAN, LAURA": [
        "Compliant", 
        "laura.moran@va.gov", 
        "NURSING SERVICE TCU SAC", 
        "09/16/16"
    ], 
    "GIGLIO, THOMAS": [
        "Compliant", 
        "thomas.giglio2@va.gov", 
        "NURSING SERVICE RN LVN NA SAC", 
        "04/07/17"
    ], 
    "MCCOY, DERRICK": [
        "Compliant", 
        "derrick.mccoy2@va.gov", 
        "NURSING SERVICE OR SAC", 
        "01/03/17"
    ], 
    "GILCHRIST, KEITH": [
        "Compliant", 
        "keith.gilchrist2@va.gov", 
        "MEDICAL SERVICE HEM/ONCOLOGY ? DGMC/FF", 
        "02/06/17"
    ], 
    "PIANO, ELOISA": [
        "Compliant", 
        "eloisa.piano@va.gov", 
        "NURSING SERVICE MSU INPATIENT SAC", 
        "04/27/17"
    ], 
    "CLARKE, BRYAN": [
        "Compliant", 
        "bryan.clarke2@va.gov", 
        "NURSING SERVICE UCC STAFF SAC", 
        "06/03/17"
    ], 
    "HO, ANDREW": [
        "Compliant", 
        "andrew.ho@va.gov", 
        "SURGICAL SERVICE SAC", 
        "04/15/17"
    ], 
    "DANIELSON, AARON": [
        "Compliant", 
        NaN, 
        "NON-VA STAFF", 
        "05/25/17"
    ], 
    "LLAVE, LAUREN": [
        "Compliant", 
        "lauren.llave@va.gov", 
        "NURSING SERVICE UCC STAFF SAC", 
        "09/17/16"
    ], 
    "YONEDA, KEN": [
        "Compliant", 
        "ken.yoneda@va.gov", 
        "MEDICAL SERVICE MTZ", 
        "03/14/17"
    ], 
    "PADILLA, PATRICK": [
        "Compliant", 
        "patrick.padilla@va.gov", 
        "NURSING SERVICE ICU SAC", 
        "04/15/17"
    ], 
    "WILLIAMSON, JANET": [
        "Compliant", 
        "janet.williamson@va.gov", 
        "NURSING SERVICE MSU INPATIENT SAC", 
        "11/10/16"
    ], 
    "GALE, SCOTT": [
        "Deficient", 
        "scott.gale@va.gov", 
        "SURGICAL SERVICE SAC", 
        "04/16/16"
    ], 
    "SCHAEFER, SAUL": [
        "Compliant", 
        "saul.schaefer@va.gov", 
        "MEDICAL SERVICE PHYSICIANS SAC", 
        "11/03/16"
    ], 
    "KUMAR, SHALEENA": [
        "Compliant", 
        "shaleena.kumar@va.gov", 
        "NURSING SERVICE INTERMITTENT NURSING ASSTS", 
        "05/11/17"
    ], 
    "MILES, KAREN": [
        "Compliant", 
        "karen.miles3@va.gov", 
        "NURSING SERVICE UCC STAFF SAC", 
        "06/15/17"
    ], 
    "NGUYEN, JENNY": [
        "Compliant", 
        "jenny.nguyen@va.gov", 
        "NURSING SERVICE MSU INPATIENT SAC", 
        "10/28/16"
    ], 
    "BRUNSKILL, GISELA": [
        "Compliant", 
        "gisela.brunskill@va.gov", 
        "MEDICAL SERVICE CARDIOLOGY MTZ", 
        "02/05/17"
    ], 
    "DUDLEY-ALFORD, MONTINA": [
        "Compliant", 
        "motina.dudley-alford@va.gov", 
        "NURSING SERVICE TCU SAC", 
        "05/25/17"
    ], 
    "ABUYUAN, JOECIMEN": [
        "Compliant", 
        "joecimen.abuyuan@va.gov", 
        "NURSING SERVICE SPECIALTY CLINICS SAC", 
        "01/08/17"
    ], 
    "PHELPS, VERONICA": [
        "Compliant", 
        "veronica.phelps@va.gov", 
        "NURSING SERVICE MSU INPATIENT SAC", 
        "06/03/17"
    ], 
    "NAVARRA, JULIANA": [
        "Compliant", 
        "juliana.navarra@va.gov", 
        "NURSING SERVICE TCU SAC", 
        "03/18/17"
    ], 
    "KNOWLTON, ANNE": [
        "Compliant", 
        "anne.knowlton@va.gov", 
        "MEDICAL SERVICE PHYSICIANS SAC", 
        "08/18/16"
    ], 
    "LETRAN, JACQUELINE": [
        "Compliant", 
        "jacqueline.letran@va.gov", 
        "MEDICAL SERVICE ED SAC", 
        "06/19/17"
    ], 
    "QELI, ALBI": [
        "Compliant", 
        "albi.qeli@va.gov", 
        "SURGICAL SERVICE SAC", 
        "06/23/17"
    ], 
    "ROBERSON, FRANCES": [
        "Compliant", 
        "frances.roberson@va.gov", 
        "UNSPECIFIED", 
        "04/15/17"
    ], 
    "PARAS, MERCEDITAS": [
        "Compliant", 
        "merceditas.paras@va.gov", 
        "NURSING SERVICE OR SAC", 
        "06/23/17"
    ], 
    "MAY, LARISSA": [
        "Compliant", 
        NaN, 
        "NON-VA STAFF", 
        "05/11/17"
    ], 
    "VANG, CHOUA": [
        "Compliant", 
        "choua.vang@va.gov", 
        "NURSING SERVICE MSU INPATIENT SAC", 
        "05/25/17"
    ], 
    "TAYLOR, JOHN": [
        "Compliant", 
        "karl.taylor@va.gov", 
        "MEDICAL SERVICE ED SAC", 
        "04/27/17"
    ], 
    "CULL, SUSAN": [
        "Compliant ", 
        "susan.cull@va.gov", 
        "UNSPECIFIED", 
        "06/16/17"
    ], 
    "ROCHE, BAILEY": [
        "Compliant", 
        "baileyroche@gmail.com", 
        "NON-VA STAFF", 
        "05/18/17"
    ], 
    "WILLIAMS, RICHARD": [
        "Compliant", 
        "richard.williams10@va.gov", 
        "NURSING SERVICE ICU SAC", 
        "06/10/17"
    ], 
    "BEETZ, KIM": [
        "Compliant", 
        "kim.beetz@va.gov", 
        "NURSING SERVICE OR SAC", 
        "04/09/17"
    ], 
    "KUNZ, KAREN": [
        "Compliant", 
        "karen.kunz@va.gov", 
        "NURSING SERVICE OR SAC", 
        "05/26/17"
    ], 
    "ARENZANA, GRACE": [
        "Compliant", 
        "grace.arenzana@va.gov", 
        "NURSING SERVICE SPECIALTY CLINICS SAC", 
        "06/23/17"
    ], 
    "WOLD, THOMAS": [
        "Compliant", 
        "thomas.wold@va.gov", 
        "SURGICAL SERVICE SAC", 
        "07/12/17"
    ], 
    "FLORES, CLIFFORD": [
        "Compliant", 
        "clifford.flores@va.gov", 
        "UNSPECIFIED", 
        "06/08/17"
    ], 
    "OBJERO, MA": [
        "Compliant", 
        "ma.objero@va.gov", 
        "NURSING SERVICE SPECIALTY CLINICS SAC", 
        "10/28/16"
    ], 
    "AKBAR, ALIYA": [
        "Compliant", 
        "akbar.a.umar@gmail.com", 
        "MEDICAL SERVICE ED SAC", 
        "06/01/17"
    ], 
    "REYES, HERNANIE": [
        "Compliant", 
        "hernanie.reyes@va.gov", 
        "NURSING SERVICE ICU SAC", 
        "06/10/17"
    ], 
    "SCHNUR, PAUL": [
        "Compliant", 
        "paul.stevens2@va.gov", 
        "UNSPECIFIED", 
        "12/25/16"
    ], 
    "GANTUANGCO, REVENA": [
        "Compliant", 
        "revena.gantuangco@va.gov", 
        "NURSING SERVICE ICU SAC", 
        "04/15/17"
    ], 
    "JONES, LAURA": [
        "Compliant", 
        "laura.jones@va.gov", 
        "MEDICAL SERVICE ED SAC", 
        "04/27/17"
    ], 
    "MENDOZA, MARY": [
        "Compliant", 
        "marygrace.mendoza@va.gov", 
        "NURSING SERVICE TCU SAC", 
        "01/19/17"
    ], 
    "DONES, CLARITA": [
        "Compliant", 
        "clarita.dones@va.gov", 
        "NURSING SERVICE TCU SAC", 
        "06/15/17"
    ], 
    "COULOMBE, SARAH": [
        "Deficient", 
        "sarah.coulombe@va.gov", 
        "PRIMARY CARE SERVICE - HOME TELEHEALTH", 
        "05/29/16"
    ], 
    "KRAFT, REGINA": [
        "Compliant", 
        "regina.kraft@va.gov", 
        "NURSING SERVICE OR SAC", 
        "04/21/17"
    ], 
    "BURDEN, MELISSA": [
        "Compliant", 
        "melissa.burden2@va.gov", 
        "NURSING SERVICE UCC STAFF SAC", 
        "04/15/17"
    ], 
    "VALCOUR, SUZANNE": [
        "Compliant", 
        "suzanne.valcour@va.gov", 
        "NURSING SERVICE CAT LAB AND RADIOLOGY", 
        "05/29/17"
    ], 
    "MENDOZA, SHERYL": [
        "Compliant", 
        "sheryl.mendoza@va.gov", 
        "NURSING SERVICE OR MTZ", 
        "09/05/16"
    ], 
    "WOLOKOLIE, RUFUS": [
        "Compliant", 
        "rufus.wolokolie@va.gov", 
        "NURSING SERVICE UCC STAFF SAC", 
        "04/27/17"
    ], 
    "HACHIGIAN, GREGORY": [
        "Compliant", 
        "greg.hachigian@va.gov", 
        "FEE - MEDICAL SERVICE SAC", 
        "02/26/17"
    ], 
    "COSENTINO, MARI": [
        "Compliant", 
        "mcosentino@ucdavis.edu", 
        "NON-VA STAFF", 
        "05/11/17"
    ], 
    "SIMPSON, JESSICA": [
        "Compliant", 
        "jessica.simpson@va.gov", 
        "NURSING SERVICE OR SAC", 
        "04/15/17"
    ], 
    "CANETE, WILHELMINA": [
        "Compliant", 
        "wilhelmina.canete@va.gov", 
        "NURSING SERVICE SPECIALTY CLINICS SAC", 
        "02/25/17"
    ], 
    "Blasius, SUE": [
        "Compliant", 
        "sue.rivera@va.gov", 
        "NURSING SERVICE MSU INPATIENT SAC", 
        "03/18/17"
    ], 
    "NOLL, ROBERT": [
        "Compliant", 
        "robert.noll@va.gov", 
        "SURGICAL SERVICE SAC", 
        "06/27/17"
    ], 
    "DANIELS, GARY": [
        "Compliant", 
        "gary.daniels@va.gov", 
        "NURSING SERVICE ICU SAC", 
        "02/04/17"
    ], 
    "DENNO, MARK": [
        "Compliant", 
        "mark.denno@va.gov", 
        "NURSING SERVICE UCC STAFF SAC", 
        "04/29/17"
    ], 
    "MILLS, TREVOR": [
        "Compliant", 
        "trevor.mills@va.gov", 
        "MEDICAL SERVICE ED SAC", 
        "04/12/17"
    ], 
    "MALEC, JOHN": [
        "Compliant", 
        "john.malec@va.gov", 
        "NURSING SERVICE OR SAC", 
        "01/19/17"
    ], 
    "NANIGIAN, DANA": [
        "Compliant", 
        "dana.nanigian@va.gov", 
        "SURGICAL SERVICE SAC", 
        "06/21/17"
    ], 
    "SWENSON, RODNEY": [
        "Compliant", 
        "rodney.swenson@va.gov", 
        "UNSPECIFIED", 
        "06/28/17"
    ], 
    "KARP, RICHARD": [
        "Compliant", 
        "richard.karp@va.gov", 
        "UNSPECIFIED", 
        "05/31/17"
    ], 
    "WRIGHT, LUKE": [
        "Deficient", 
        "luke.wright@va.gov", 
        "RADIOLOGY SERVICE SAC", 
        "10/22/15"
    ], 
    "SALERA, RODELEI": [
        "Compliant", 
        "rodelei.salera@va.gov", 
        "NURSING SERVICE SPECIALTY CLINICS SAC", 
        "06/15/17"
    ], 
    "SALAZAR, BIENVENIDA": [
        "Compliant", 
        "bienvenida.salazar@va.gov", 
        "NURSING SERVICE OR SAC", 
        "06/03/17"
    ], 
    "DAWSON, DAVID": [
        "Compliant", 
        "david.dawson@va.gov", 
        "SURGICAL SERVICE SAC", 
        "02/26/17"
    ], 
    "HINAHON, JOSEPH": [
        "Compliant", 
        "joseph.hinahon@va.gov", 
        "NURSING SERVICE ICU SAC", 
        "04/15/17"
    ], 
    "BLACKIE, CHUN": [
        "Compliant", 
        "chun.blackie@va.gov", 
        "NURSING SERVICE UCC STAFF SAC", 
        "03/09/17"
    ], 
    "PARKER, REBECCA": [
        "Compliant", 
        "rebecca.parker@va.gov", 
        "MEDICAL SERVICE HEM/ONCOLOGY ? DGMC/FF", 
        "05/25/17"
    ], 
    "FABI, MARY": [
        "Compliant", 
        "maryrose.fabi@va.gov", 
        "UNSPECIFIED", 
        "06/23/17"
    ], 
    "HARGIS, JACQUELINE": [
        "Deficient", 
        "jacqueline.hargis@va.gov", 
        "NURSING SERVICE OR MTZ", 
        "01/15/16"
    ], 
    "TAYLOR, DAWN": [
        "Compliant", 
        "dawn.taylor8@va.gov", 
        "UNSPECIFIED", 
        "05/29/17"
    ], 
    "LEE, SANDY": [
        "Compliant", 
        "sandy.lee@va.gov", 
        "ANESTHESIOLOGY SVC STAFF", 
        "03/10/17"
    ], 
    "COLLINS, LISA": [
        "Compliant", 
        "lisa.collins4@va.gov", 
        "NURSING SERVICE OR SAC", 
        "04/15/17"
    ], 
    "BANYA, ELEANOR": [
        "Compliant", 
        "eleanor.banya@va.gov", 
        "NURSING SERVICE TCU SAC", 
        "03/25/17"
    ], 
    "KHARCHENKO, VERA": [
        "Compliant", 
        "vera.kharchenko@va.gov", 
        "NURSING SERVICE OR SAC", 
        "05/25/17"
    ], 
    "GROVES, DANA": [
        "Compliant", 
        "dana.groves@va.gov", 
        "NURSING SERVICE UCC STAFF SAC", 
        "06/15/17"
    ], 
    "BRESOLIN, JOEL": [
        "Deficient", 
        "joel.bresolin@va.gov", 
        "MEDICAL SERVICE ED SAC", 
        "07/19/16"
    ], 
    "MCCONACHIE, TRACY": [
        "Compliant", 
        "tracy.mcconachie@va.gov", 
        "NURSING SERVICE CHICO", 
        "03/31/17"
    ], 
    "WOELFEL, MONICA": [
        "Compliant", 
        "monicawoelfel@gmail.com", 
        "NURSING SERVICE TCU SAC", 
        "06/22/17"
    ], 
    "CHUNG, ANDY": [
        "Compliant", 
        "andy.chung@va.gov", 
        "NURSING SERVICE MSU INPATIENT SAC", 
        "05/25/17"
    ], 
    "CRISTALES, CLARISSA": [
        "Compliant", 
        "clarissa.cristales@va.gov", 
        "NURSING SERVICE TCU SAC", 
        "05/10/17"
    ], 
    "PAZOS, CHRISTOPHER": [
        "Compliant", 
        "christopher.pazos@va.gov", 
        "NURSING SERVICE UCC STAFF SAC", 
        "02/02/17"
    ], 
    "CUTARAN, CAROLYN": [
        "Compliant", 
        "carolyn.cutaran@va.gov", 
        "NURSING SERVICE UCC STAFF SAC", 
        "04/15/17"
    ], 
    "PUTNAM, SHAWNEE": [
        "Compliant", 
        "shawnee.putnam@va.gov", 
        "NURSING SERVICE LASSEN TEAM  RED", 
        "03/24/17"
    ], 
    "FERNANDEZ, DON": [
        "Deficient", 
        "littlefern@mac.com", 
        "FEE - MEDICAL SERVICE SAC", 
        "01/15/16"
    ], 
    "VILLAMAYOR-FADUL, MILLICENT": [
        "Compliant", 
        "millicent.villamayor-fadul@va.gov", 
        "NURSING SERVICE OR SAC", 
        "06/03/17"
    ], 
    "CABEZUDO, NEFTALI": [
        "Compliant", 
        "neftali.cabezudo@va.gov", 
        "NURSING SERVICE NURSE EDUCATION/VANAP", 
        "05/18/17"
    ], 
    "MANDIN, PROCULA": [
        "Compliant", 
        "procula.mandin@va.gov", 
        "NURSING SERVICE ICU SAC", 
        "06/23/17"
    ], 
    "DAVIS, MIRIAM": [
        "Compliant", 
        "mtdavis@ucdavis.edu", 
        "NON-VA STAFF", 
        "05/11/17"
    ], 
    "CROWELL, TRACY": [
        "Compliant", 
        "tracy.crowell@va.gov", 
        "NURSING SERVICE LASSEN TEAM  RED", 
        "04/28/17"
    ], 
    "TACA, SARAH": [
        "Compliant", 
        "sarahanne.taca@va.gov", 
        "NURSING SERVICE TCU SAC", 
        "06/22/17"
    ], 
    "TEMPLADO, CORSINI": [
        "Compliant", 
        "corsini98@yahoo.com", 
        "UNSPECIFIED", 
        "06/07/17"
    ], 
    "BING, MARY": [
        "Compliant", 
        NaN, 
        "NON-VA STAFF", 
        "05/25/17"
    ], 
    "RAMSAY, PATRICIA": [
        "Compliant", 
        "Patricia.Ramsay@va.gov", 
        "NURSING SERVICE OR SAC", 
        "06/13/17"
    ], 
    "JAMES, MARY": [
        "Compliant", 
        "mary.james5@va.gov", 
        "NURSING SERVICE LASSEN TEAM  RED", 
        "04/15/17"
    ], 
    "CHENG, DANNY": [
        "Compliant", 
        "danny.cheng@va.gov", 
        "RADIOLOGY SERVICE SAC", 
        "06/29/17"
    ], 
    "CARSON, JOHN": [
        "Compliant", 
        "john.carson2@va.gov", 
        "SURGICAL SERVICE SAC", 
        "02/25/17"
    ], 
    "SUZUKI, ADA": [
        "Compliant", 
        "ada.suzuki@va.gov", 
        "UNSPECIFIED", 
        "06/03/17"
    ], 
    "HARVEY, KAYLA": [
        "Compliant", 
        "kayla.harvey@va.gov", 
        "NURSING SERVICE MSU INPATIENT SAC", 
        "04/06/17"
    ], 
    "CLOMAN, JEANINE": [
        "Compliant", 
        "jeanine.cloman@va.gov", 
        "NURSING SERVICE OR SAC", 
        "06/03/17"
    ], 
    "FLORIDA, MARIA": [
        "Compliant", 
        "maria.florida@us.af.mil", 
        "NURSING SERVICE UCC STAFF SAC", 
        "04/28/17"
    ], 
    "TAYLOR, JUNE": [
        "Compliant", 
        "june.taylor@va.gov", 
        "UNSPECIFIED", 
        "01/23/17"
    ], 
    "ANGELO, LESLEY": [
        "Compliant", 
        "lesley.angelo@va.gov", 
        "NURSING SERVICE UCC STAFF SAC", 
        "05/27/17"
    ], 
    "HORVAT, ROBERT": [
        "Compliant", 
        "robert.horvat@va.gov", 
        "MEDICAL SERVICE ED SAC", 
        "07/04/17"
    ], 
    "DE LEON, LEON,": [
        "Compliant", 
        "crispine.deleon@va.gov", 
        "NURSING SERVICE SPECIALTY CLINICS SAC", 
        "11/24/16"
    ], 
    "IGLOWITZ, MOOK-LAN": [
        "Compliant", 
        "mook-lan.iglowitz@va.gov", 
        "MEDICAL SERVICE HOSPITALISTS SAC", 
        "06/24/17"
    ], 
    "FOGELBERG, KAREN": [
        "Compliant", 
        "karen.fogelberg@va.gov", 
        "SURGICAL SERVICE SAC", 
        "12/07/16"
    ], 
    "BARAJAS, LIGAYA": [
        "Compliant", 
        "ligaya.foz@va.gov", 
        "NURSING SERVICE ICU SAC", 
        "06/10/17"
    ], 
    "CHAN, IAN": [
        "Compliant", 
        "ian.chan@va.gov", 
        "MEDICAL SERVICE PHYSICIANS SAC", 
        "07/16/17"
    ], 
    "BEEBE, LAURA": [
        "Compliant", 
        "laura.beebe@va.gov", 
        "NURSING SERVICE UCC STAFF SAC", 
        "10/19/16"
    ], 
    "HARPER, RICHART": [
        "Compliant", 
        "rwharper@ucdavis.edu", 
        "MEDICAL SERVICE PHYSICIANS SAC", 
        "06/16/17"
    ], 
    "MEFFORD, JASON": [
        "Compliant", 
        "jmefford@ucdavis.edu", 
        "NON-VA STAFF", 
        "06/16/17"
    ], 
    "MUNDH, HARVINDER": [
        "Compliant", 
        "harvinder.mundh@va.gov", 
        "NEUROLOGY/PHYS REHAB SVC SAC", 
        "04/27/17"
    ], 
    "AUSTIN, JEREMY": [
        "Compliant", 
        "jeremy.austin@va.gov", 
        "FEE - PRIMARY CARE SERVICE", 
        "06/16/17"
    ], 
    "FLORES, SARAH": [
        "Compliant", 
        "swflores@uci.edu", 
        "MEDICAL SERVICE PHYSICIANS SAC", 
        "01/26/17"
    ], 
    "MELANDER, JOHN": [
        "Compliant", 
        "john.melander@va.gov", 
        "ANESTHESIOLOGY SVC STAFF", 
        "04/28/17"
    ], 
    "PLAZA, PHILIP": [
        "Compliant", 
        "philip.plaza@va.gov", 
        "NURSING SERVICE TCU SAC", 
        "02/04/17"
    ], 
    "YEN, ANDREW": [
        "Compliant", 
        "andrew.yen@va.gov", 
        "MEDICAL SERVICE PHYSICIANS SAC", 
        "04/27/17"
    ], 
    "HERNANDEZ, ALBERT": [
        "Compliant", 
        "albert.hernandez3@va.gov", 
        "NURSING SERVICE ICU SAC", 
        "06/10/17"
    ], 
    "EGAN, JAMES": [
        "Compliant", 
        "james.egan@va.gov", 
        "MEDICAL SERVICE MTZ", 
        "04/12/17"
    ], 
    "HUNTER, DAVID": [
        "Deficient", 
        "david.hunter6@va.gov", 
        "MEDICAL SERVICE ED SAC", 
        "04/03/16"
    ], 
    "MURIN, SUSAN": [
        "Compliant", 
        "susan.murin@ucdmc.ucdavis.edu", 
        "MEDICAL SERVICE PHYSICIANS SAC", 
        "04/03/17"
    ], 
    "TIMMERMAN, JOHN": [
        "Compliant", 
        "john.timmerman@va.gov", 
        "NURSING SERVICE CAT LAB AND RADIOLOGY", 
        "03/25/17"
    ], 
    "SAKBUN, RATHEANY": [
        "Compliant", 
        "rsakbun@gmail.com", 
        "SURGICAL SERVICE SAC", 
        "06/15/17"
    ], 
    "AVDALOVIC, MARK": [
        "Compliant", 
        "mark.avdalovic@ucdmc.ucdavis.edu", 
        "MEDICAL SERVICE PHYSICIANS SAC", 
        "03/20/17"
    ], 
    "DREW, LEAH": [
        "Compliant", 
        "leah.drew@va.gov", 
        "NURSING SERVICE UCC STAFF SAC", 
        "12/01/16"
    ], 
    "XIONG, YEE": [
        "Compliant", 
        "yee.xiong@va.gov", 
        "NURSING SERVICE MSU INPATIENT SAC", 
        "06/03/17"
    ], 
    "PANKOWSKI, DANUTA": [
        "Deficient", 
        "danuta.pankowski@va.gov", 
        "NURSING SERVICE MSU INPATIENT SAC", 
        "01/15/16"
    ], 
    "LEUNG, JOSEPH": [
        "Compliant", 
        "joseph.leung2@va.gov", 
        "MEDICAL SERVICE PHYSICIANS SAC", 
        "03/25/17"
    ], 
    "COLIC, AMBER": [
        "Compliant", 
        "amber.colic@va.gov", 
        "UNSPECIFIED", 
        "04/27/17"
    ], 
    "CHILTON, KATHLEEN": [
        "Compliant", 
        "kathleen.chilton@va.gov", 
        "UNSPECIFIED", 
        "06/16/17"
    ], 
    "TELETEN, OKSANA": [
        "Compliant", 
        "oksana.teleten@va.gov", 
        "PRIMARY CARE SERVICE - HOME TELEHEALTH", 
        "03/03/17"
    ], 
    "ROSSIGNOL, ERICA": [
        "Compliant", 
        "erica.rossignol@va.gov", 
        "MEDICAL SERVICE HEM/ONCOLOGY ? DGMC/FF", 
        "10/08/16"
    ], 
    "SEELY, KEITH": [
        "Compliant", 
        "keith.seely@va.gov", 
        "UNSPECIFIED", 
        "06/03/17"
    ], 
    "KELLY, MICHAEL": [
        "Compliant", 
        "michael.kelly9@va.gov", 
        "NURSING SERVICE UCC STAFF SAC", 
        "03/25/17"
    ], 
    "STOLLENWERK, NICHOLAS": [
        "Compliant", 
        "nicholas.stollenwerk@va.gov", 
        "MEDICAL SERVICE PHYSICIANS SAC", 
        "04/07/17"
    ], 
    "LOUIE, SAMUEL": [
        "Compliant", 
        "samuel.louie@ucdmc.ucdavis.edu", 
        "NON-VA STAFF", 
        "04/04/17"
    ], 
    "GOVE, ALLISON": [
        "Deficient", 
        "allison.gove-izraelev@va.gov", 
        "NURSING SERVICE UCC STAFF SAC", 
        "05/11/16"
    ], 
    "TELETEN, YULIYA": [
        "Compliant", 
        "yuliya.teleten@va.gov", 
        "NURSING SERVICE UCC STAFF SAC", 
        "05/06/17"
    ], 
    "ALBANESE, ANTHONY": [
        "Compliant", 
        "anthony.albanese@va.gov", 
        "UNSPECIFIED", 
        "10/18/16"
    ], 
    "GAJE, KRIS": [
        "Compliant", 
        "kriscarlou.gaje@va.gov", 
        "NURSING SERVICE MSU INPATIENT SAC", 
        "05/11/17"
    ], 
    "MOSCOSO, MARIA": [
        "Compliant", 
        "maria.moscoso@va.gov", 
        "NURSING SERVICE TCU SAC", 
        "03/16/17"
    ], 
    "PETTIT, TIFFANY": [
        "Compliant", 
        "tiffany.pettit@va.gov", 
        "NURSING SERVICE OR SAC", 
        "04/04/17"
    ], 
    "MAGALIT, RUBY": [
        "Compliant", 
        "ruby.magalit@va.gov", 
        "MEDICAL SERVICE HEM/ONCOLOGY ? DGMC/FF", 
        "06/15/17"
    ], 
    "RUMMERFIELD, JOHN": [
        "Compliant", 
        "john.rummerfield@va.gov", 
        "NURSING SERVICE PRIMARY CARE CLINICS SAC", 
        "03/03/17"
    ], 
    "OZERUGA, SERGEY": [
        "Compliant", 
        "sergey.ozeruga@va.gov", 
        "NURSING SERVICE UCC STAFF SAC", 
        "04/29/17"
    ], 
    "VERGARA, JONATHAN": [
        "Compliant", 
        "jonathan.vergara@va.gov", 
        "NURSING SERVICE INTERMITTENT NURSING ASSTS", 
        "06/28/17"
    ], 
    "ARMSTRONG, BREANNA": [
        "Compliant", 
        "breanna.armstrong4@va.gov", 
        "NURSING SERVICE CAT LAB AND RADIOLOGY", 
        "04/07/17"
    ], 
    "SARAO, KEYSHA": [
        "Compliant", 
        "kitchapie@yahoo.com", 
        "NURSING SERVICE UCC STAFF SAC", 
        "04/15/17"
    ], 
    "JOHNSTON, BRANDAE": [
        "Compliant", 
        "brandae.johnston@va.gov", 
        "NURSING SERVICE OR SAC", 
        "04/27/17"
    ], 
    "HEDAYATI, NASIM": [
        "Deficient", 
        "nasim.hedayati@va.gov", 
        "SURGICAL SERVICE SAC", 
        "01/15/16"
    ], 
    "ALLEN, MAUREENA": [
        "Compliant", 
        "maureena.allen2@va.gov", 
        "NURSING SERVICE OR MTZ", 
        "02/25/17"
    ], 
    "WIEDEMAN, JAMES": [
        "Compliant", 
        "james.wiedeman@va.gov", 
        "SURGICAL SERVICE SAC", 
        "03/29/17"
    ], 
    "DOBROVOLSKAYA, OLGA": [
        "Compliant", 
        "olga.dobrovolskaya@va.gov", 
        "PRIMARY CARE NURSE MANAGERS", 
        "06/03/17"
    ], 
    "ALLEN, ROBLEE": [
        "Compliant", 
        "roblee.allen@ucdmc.ucdavis.edu", 
        "NON-VA STAFF", 
        "03/20/17"
    ], 
    "TUAZON, DELIA": [
        "Compliant", 
        "delia.tuazon@va.gov", 
        "NURSING SERVICE MSU INPATIENT SAC", 
        "03/18/17"
    ], 
    "VASQUEZ, VICTOR": [
        "Compliant", 
        "victor.vasquez@va.gov", 
        "NURSING SERVICE MSU INPATIENT SAC", 
        "04/12/17"
    ], 
    "HERNANDEZ, MELODY": [
        "Compliant", 
        "melody.hernandez@va.gov", 
        "NURSING SERVICE OR SAC", 
        "06/28/17"
    ], 
    "CHAO, AMY": [
        "Compliant", 
        "amy.chao@va.gov", 
        "UNSPECIFIED", 
        "04/06/17"
    ], 
    "VU, THIENNU": [
        "Compliant", 
        "thiennu.vu@va.gov", 
        "MEDICAL SERVICE OPC OAK", 
        "05/29/17"
    ], 
    "MCGUIRE, KEVIN": [
        "Compliant", 
        "kevin.mcguire@va.gov", 
        "NURSING SERVICE OR SAC", 
        "04/28/17"
    ], 
    "NGUYEN-DINH, THANH": [
        "Compliant", 
        "thanh.nguyen-dinh@va.gov", 
        "UNSPECIFIED", 
        "06/03/17"
    ], 
    "TOOMSEN, LEE": [
        "Compliant", 
        "lee.toomsen@va.gov", 
        "MEDICAL SERVICE HEM/ONCOLOGY ? DGMC/FF", 
        "06/15/17"
    ], 
    "EPLEY, ROBERT": [
        "Compliant", 
        "robert.epley@va.gov", 
        "MEDICAL SERVICE TRIAGE RED", 
        "04/12/17"
    ], 
    "VAZQUEZ, MARIA": [
        "Compliant", 
        "maria.vazquez10@va.gov", 
        "NURSING SERVICE TCU SAC", 
        "06/15/17"
    ], 
    "CALDERON, SANDRA": [
        "Compliant", 
        "scalderonx2@gmail.com", 
        "MEDICAL SERVICE ED SAC", 
        "05/28/17"
    ], 
    "ARMSTRONG, TODD": [
        "Compliant", 
        "todd.armstrong@va.gov", 
        "NURSING SERVICE OR SAC", 
        "12/31/16"
    ], 
    "GEORGE, JIJO": [
        "Compliant", 
        "jijo.george@va.gov", 
        "NURSING SERVICE MSU INPATIENT SAC", 
        "06/01/17"
    ], 
    "INMAN, JAYNE": [
        "Compliant", 
        "jayne.inman@va.gov", 
        "UNSPECIFIED", 
        "06/16/17"
    ], 
    "HOANG, ANTHONY": [
        "Compliant", 
        "anthony.hoang3@va.gov", 
        "NURSING SERVICE TCU SAC", 
        "10/03/16"
    ], 
    "PEDERSEN, CHRISTINA": [
        "Compliant", 
        "christina.pedersen@va.gov", 
        "NURSING SERVICE MSU INPATIENT SAC", 
        "04/26/17"
    ], 
    "SQUIRES, LANE": [
        "Compliant", 
        "ldsquires@gmail.com", 
        "SURGICAL SERVICE SAC", 
        "04/28/17"
    ], 
    "LIU, JEI-ING": [
        "Compliant", 
        "jei-ing.liu@va.gov", 
        "NURSING SERVICE TCU SAC", 
        "06/28/17"
    ], 
    "SAMPLES, ROBERTA": [
        "Compliant", 
        "roberta.samples@va.gov", 
        "MEDICAL SERVICE PHYSICIANS SAC", 
        "06/16/17"
    ], 
    "GOEL, PUSHPA": [
        "Compliant", 
        "pushpa.goel@va.gov", 
        "NURSING SERVICE CLERICAL SUPPORT EAST BAY", 
        "03/14/17"
    ], 
    "SHEDD, KENNETH": [
        "Compliant", 
        "kenneth.shedd@va.gov", 
        "UNSPECIFIED", 
        "03/30/17"
    ], 
    "FARRELL, ANNA": [
        "Compliant", 
        "annamaria.farrell@va.gov", 
        "NURSING SERVICE CAT LAB AND RADIOLOGY", 
        "03/21/17"
    ], 
    "PATTERSON, CONSTANCE": [
        "Compliant", 
        "constance.patterson@va.gov", 
        "NURSING SERVICE OR SAC", 
        "03/18/17"
    ], 
    "GOODMAN, CHAD": [
        "Compliant", 
        "chad.goodman@va.gov", 
        "RADIOLOGY SERVICE SAC", 
        "06/30/17"
    ], 
    "PANGAN, WILLIAM": [
        "Compliant", 
        "william.pangan@va.gov", 
        "NURSING SERVICE ICU SAC", 
        "03/24/17"
    ], 
    "DAVIS, ALLYN": [
        "Compliant", 
        "allyn.davis@va.gov", 
        "NURSING SERVICE UCC STAFF SAC", 
        "06/01/17"
    ], 
    "TURNER, DAVID": [
        "Compliant", 
        "david.turner4@va.gov", 
        "NURSING SERVICE UCC STAFF SAC", 
        "03/30/17"
    ], 
    "WALTER, MARC": [
        "Compliant", 
        "marc.walter@va.gov", 
        "MEDICAL SERVICE ED SAC", 
        "06/27/17"
    ], 
    "KRISTJANSSON, JENNIFER": [
        "Compliant", 
        "jkristjansson@ucdavis.edu", 
        "NON-VA STAFF", 
        "04/26/17"
    ], 
    "HEWITT, VIRGINIA": [
        "Compliant", 
        "virginia.hewitt@va.gov", 
        "NURSING SERVICE CAT LAB AND RADIOLOGY", 
        "05/11/17"
    ], 
    "LINK, DANIEL": [
        "Compliant", 
        "daniel.link@va.gov", 
        "SURGICAL SERVICE SAC", 
        "07/04/17"
    ], 
    "CARDOZA, FRANK": [
        "Compliant", 
        "frank.cardoza@va.gov", 
        "NURSING SERVICE SPECIALTY CLINICS SAC", 
        "04/27/17"
    ], 
    "BAUTISTA, EDITH": [
        "Compliant", 
        "edith.bautista@va.gov", 
        "ANESTHESIOLOGY SVC STAFF", 
        "06/23/17"
    ], 
    "TAYLOR, JEFFERY": [
        "Compliant", 
        "jktaylor@pol.net", 
        "SURGICAL SERVICE SAC", 
        "03/03/17"
    ], 
    "MORALES, JENNIFER": [
        "Compliant", 
        "jennifer.morales1@va.gov", 
        "NURSING SERVICE OR MTZ", 
        "01/30/17"
    ], 
    "SIMANGAN, MANUEL": [
        "Compliant", 
        "manuel.simangan@va.gov", 
        "NURSING SERVICE RN SUPERVISORS EAST BAY", 
        "03/10/17"
    ], 
    "RECINTO, FRANCISCO": [
        "Compliant", 
        "franciscorecintojr@gmail.com", 
        "UNSPECIFIED", 
        "03/18/17"
    ], 
    "SCHEGG, TIFFANY": [
        "Deficient", 
        "tiffany.schegg@gmail.com", 
        "NON-VA STAFF", 
        "06/09/16"
    ], 
    "NANGALAMA, ANDREW": [
        "Compliant", 
        "andrew.nangalama@va.gov", 
        "MEDICAL SERVICE ED SAC", 
        "06/23/17"
    ], 
    "DOLAN, JOHN": [
        "Compliant", 
        "john.dolan2@va.gov", 
        "FEE - PRIMARY CARE SERVICE", 
        "05/29/17"
    ], 
    "BRANDSHAUG, BI-YU": [
        "Compliant", 
        "bi-yu.brandshaug@va.gov", 
        "NURSING SERVICE MSU INPATIENT SAC", 
        "11/12/16"
    ], 
    "SATO, BRIAN": [
        "Compliant", 
        "brian.sato@va.gov", 
        "NURSING SERVICE TCU SAC", 
        "05/29/17"
    ], 
    "MORRELL-BALANON, ALI": [
        "Compliant", 
        "ali.morrell-balanon@va.gov", 
        "ANESTHESIOLOGY SVC STAFF", 
        "07/04/17"
    ], 
    "SCHAAL, CHRISTOPHER": [
        "Compliant", 
        "christopher.schaal@va.gov", 
        "NURSING SERVICE UCC STAFF SAC", 
        "01/21/17"
    ], 
    "HIRIGOYEN, PAMELA": [
        "Compliant", 
        "pamela.hirigoyen@va.gov", 
        "UNSPECIFIED", 
        "04/12/17"
    ], 
    "WILLIAMS, JOHN": [
        "Compliant", 
        "john.williams25@va.gov", 
        "MEDICAL SERVICE TRIAGE RED", 
        "04/13/17"
    ], 
    "MADARANG, NIDA": [
        "Compliant", 
        "nida.madarang@va.gov", 
        "NURSING SERVICE TCU SAC", 
        "02/04/17"
    ], 
    "ALBERTSON, TIMOTHY": [
        "Compliant", 
        "timothy.albertson@va.gov", 
        "MEDICAL SERVICE PHYSICIANS SAC", 
        "01/17/17"
    ], 
    "TOLLEY, LOIS": [
        "Compliant", 
        "lois.tolley@va.gov", 
        "NURSING SERVICE CHICO", 
        "12/25/16"
    ], 
    "LORD, MARY": [
        "Compliant", 
        "mary.lord@va.gov", 
        "NURSING SERVICE TCU SAC", 
        "06/03/17"
    ], 
    "SAWYER, NICOLAS": [
        "Deficient", 
        "nicolas.sawyer@va.gov", 
        "NON-VA STAFF", 
        "05/18/16"
    ], 
    "EMERY, DENISE": [
        "Compliant", 
        "denise.emery2@va.gov", 
        "NURSING SERVICE OR SAC", 
        "02/04/17"
    ], 
    "LEE, RITA": [
        "Compliant", 
        "ryl4gi@sbcglobal.net", 
        "MEDICAL SERVICE PHYSICIANS SAC", 
        "06/16/17"
    ], 
    "SEARCY, JEFFREY": [
        "Compliant", 
        "jeffrey.searcy@va.gov", 
        "UNSPECIFIED", 
        "09/29/16"
    ], 
    "GUEVARA, SUSY": [
        "Compliant", 
        "susy.guevara@va.gov", 
        "NURSING SERVICE TCU SAC", 
        "04/18/17"
    ], 
    "LATIMER, PATTI": [
        "Compliant", 
        "patti.latimer@va.gov", 
        "NURSING SERVICE OR SAC", 
        "06/16/17"
    ], 
    "BORGES, GABRIEL": [
        "Compliant", 
        "gborgess@yahoo.com", 
        "FEE - MEDICAL SERVICE SAC", 
        "02/04/17"
    ], 
    "NGUYEN, ANNA": [
        "Compliant", 
        "anna.nguyen@va.gov", 
        "NURSING SERVICE MSU INPATIENT SAC", 
        "06/21/17"
    ], 
    "HOLMES, MARLA": [
        "Compliant", 
        "marla.holmes@va.gov", 
        "NURSING SERVICE OPC OAK", 
        "04/27/17"
    ], 
    "SAFAVI, SHAHRIAR": [
        "Compliant", 
        "shahriar.safavi@va.gov", 
        "MEDICAL SERVICE MTZ", 
        "04/08/17"
    ], 
    "EIGENMAN, AARON": [
        "Compliant", 
        "aaron.eigenman@va.gov", 
        "NURSING SERVICE CAT LAB AND RADIOLOGY", 
        "02/04/17"
    ], 
    "YAP, STANLEY": [
        "Compliant", 
        "stanley.yap@va.gov", 
        "SURGICAL SERVICE SAC", 
        "06/23/17"
    ], 
    "ROBERTS, GARY": [
        "Compliant", 
        "gary.roberts2@va.gov", 
        "MEDICAL SERVICE ED SAC", 
        "06/03/17"
    ], 
    "CRUZ, SHEILA": [
        "Compliant", 
        "sheila.cruz01@va.gov", 
        "NURSING SERVICE ICU SAC", 
        "04/15/17"
    ], 
    "MANOSALVA, JOEL": [
        "Compliant", 
        "joel.manosalva@va.gov", 
        "MEDICAL SERVICE MTZ", 
        "04/29/17"
    ], 
    "HALL, RACHEL": [
        "Compliant", 
        "rachel.hall4@va.gov", 
        "NURSING SERVICE LASSEN TEAM  RED", 
        "12/08/16"
    ], 
    "HEARNEY, ELAINE": [
        "Compliant", 
        "elaine.hearney2@va.gov", 
        "MEDICAL SERVICE PHYSICIANS SAC", 
        "03/24/17"
    ], 
    "MAGLOIRE, ALIX": [
        "Compliant", 
        "alix.magloire@va.gov", 
        "UNSPECIFIED", 
        "06/23/17"
    ], 
    "BUCKLER, PAMELA": [
        "Compliant", 
        "pamela.buckler@va.gov", 
        "NURSING SERVICE OR SAC", 
        "05/25/17"
    ], 
    "STAYNER, JOSEPH": [
        "Compliant", 
        "joseph.stayner@va.gov", 
        "NURSING SERVICE EDUCATION", 
        "05/27/17"
    ], 
    "VEILLEUX, STACEY": [
        "Compliant", 
        "staceynicole0104@gmail.com", 
        "NURSING SERVICE UCC STAFF SAC", 
        "05/25/17"
    ], 
    "COLBY, DANIEL": [
        "Deficient", 
        "daniel.colby@gmail.com", 
        "NON-VA STAFF", 
        "06/21/16"
    ], 
    "SUTTER, MARK": [
        "Compliant", 
        "mark.sutter@va.gov", 
        "NON-VA STAFF", 
        "05/16/17"
    ], 
    "PRATHER, DANNIE": [
        "Compliant", 
        "dan.prather@va.gov", 
        "NURSING SERVICE SPECIALTY CLINICS SAC", 
        "10/30/16"
    ], 
    "PE, MARYBELLE": [
        "Deficient", 
        "mape@ucdavis.edu", 
        "NON-VA STAFF", 
        "03/11/16"
    ], 
    "SAELEE, NAIFONG": [
        "Compliant", 
        "nancynsaelee@hotmail.com", 
        "NURSING SERVICE UCC STAFF SAC", 
        "06/03/17"
    ], 
    "LARAWAY, MARY": [
        "Compliant", 
        "maryjean.laraway@va.gov", 
        "NURSING SERVICE OR SAC", 
        "03/18/17"
    ], 
    "DEGUZMAN, NELSON": [
        "Compliant", 
        "nelson.deguzman@va.gov", 
        "UNSPECIFIED", 
        "04/27/17"
    ], 
    "VAN, LUCY": [
        "Compliant", 
        "lucy.van@va.gov", 
        "NURSING SERVICE MSU INPATIENT SAC", 
        "05/29/17"
    ], 
    "CREAMER, PAULA": [
        "Compliant", 
        "paula.creamer@va.gov", 
        "NURSING SERVICE NURSE EDUCATION/VANAP", 
        "05/25/17"
    ], 
    "FABELLA, EARLBHERT": [
        "Compliant", 
        "earlbhert.fabella@va.gov", 
        "NURSING SERVICE MSU INPATIENT SAC", 
        "05/25/17"
    ], 
    "GOH, WEI-CHUN": [
        "Compliant", 
        "wei.goh@va.gov", 
        "MEDICAL SERVICE NP MTZ", 
        "05/11/17"
    ], 
    "FULLER, SCOTT": [
        "Compliant", 
        "scott.fuller@va.gov", 
        "SURGICAL SERVICE SAC", 
        "06/23/17"
    ], 
    "BILIAK, TATYANA": [
        "Compliant", 
        "tatyana.kotyakova@va.gov", 
        "NURSING SERVICE UCC STAFF SAC", 
        "06/29/17"
    ], 
    "QUIRANTE, MARYCARWEL": [
        "Compliant", 
        "marycarwel.quirante@va.gov", 
        "NURSING SERVICE TCU SAC", 
        "05/05/17"
    ], 
    "JAYMALIN-BRESOLIN, DEANNA": [
        "Compliant", 
        "deanna.jaymalin-bresolin@va.gov", 
        "NURSING SERVICE UCC STAFF SAC", 
        "07/15/17"
    ], 
    "AGUILA, SUSAN": [
        "Compliant", 
        "susan.aguila@va.gov", 
        "NURSING SERVICE MSU INPATIENT SAC", 
        "01/17/17"
    ], 
    "STAATS, KAREN": [
        "Compliant", 
        "karen.staats@va.gov", 
        "UNSPECIFIED", 
        "06/16/17"
    ], 
    "WYATT, ALANA": [
        "Compliant", 
        "alana.wyatt@va.gov", 
        "NURSING SERVICE UCC STAFF SAC", 
        "03/08/17"
    ], 
    "CRONE, CATHY": [
        "Compliant", 
        "cathy.crone@va.gov", 
        "NURSING SERVICE ICU SAC", 
        "04/13/17"
    ], 
    "LABIS, JANET": [
        "Compliant", 
        "janet.labis@va.gov", 
        "NURSING SERVICE OR SAC", 
        "06/10/17"
    ], 
    "GUSEVA, ANASTASIYA": [
        "Compliant", 
        "anastasiya.guseva@va.gov", 
        "NURSING SERVICE MSU INPATIENT SAC", 
        "06/10/17"
    ], 
    "CHOCK, DAISY": [
        "Compliant", 
        "daisy.chock@va.gov", 
        "NURSING SERVICE ICU SAC", 
        "04/15/17"
    ], 
    "TROCHE, THERESA": [
        "Compliant", 
        "theresa.troche@va.gov", 
        "NURSING SERVICE INTERMITTENT NURSING ASSTS", 
        "10/03/16"
    ], 
    "ZUNIGA, ANAYEL": [
        "Compliant", 
        "anayel.zuniga@va.gov", 
        "NURSING SERVICE MSU INPATIENT SAC", 
        "05/25/17"
    ], 
    "ILAGAN, CARLA": [
        "Compliant", 
        "carla.ilagan@va.gov", 
        "NURSING SERVICE TCU SAC", 
        "02/04/17"
    ], 
    "NUGENT, KEVIN": [
        "Compliant", 
        "kevin.nugent@va.gov", 
        "CHIEF OF STAFF ADMIN SAC", 
        "04/28/17"
    ], 
    "DONALD, JANET": [
        "Compliant", 
        "janet.donald@va.gov", 
        "ANESTHESIOLOGY SVC STAFF", 
        "06/27/17"
    ], 
    "STEVERSON, JENNIFER": [
        "Deficient", 
        "jennifer.steverson@va.gov", 
        "NURSING SERVICE OR MTZ", 
        "02/19/15"
    ]
}