User Name,Status,Required Date,Email Address,Organization Description
"CHU, DAVID G",Deficient,01/24/15,david.chu3@va.gov,SURGICAL SERVICE EAST BAY
"STEVERSON, JENNIFER L",Deficient,02/19/15,jennifer.steverson@va.gov,NURSING SERVICE OR MTZ
"HARDIN, KIMBERLY A",Deficient,03/07/15,kahardin@ucdavis.edu,MEDICAL SERVICE PHYSICIANS SAC
"MORRISSEY, BRIAN M",Deficient,09/26/15,bmmorrissey@ucdavis.edu,MEDICAL SERVICE PHYSICIANS SAC
"TANAKA, MICHAEL S",Deficient,09/26/15,michael.tanaka@va.gov,MEDICAL SERVICE HEMATOLOGY ONCOLOGY
"WRIGHT, LUKE A",Deficient,10/22/15,luke.wright@va.gov,RADIOLOGY SERVICE SAC
"HOWARD, SHAWNIECE A",Deficient,11/21/15,ladyniecy1@gmail.com,BDMS FRONT OFFICE MCCL
"FERNANDEZ, DON M",Deficient,01/15/16,littlefern@mac.com,FEE - MEDICAL SERVICE SAC
"FARKAS, LINDA M",Deficient,01/15/16,linda.farkas@va.gov,SURGICAL SERVICE SAC
"PANKOWSKI, DANUTA ",Deficient,01/15/16,danuta.pankowski@va.gov,NURSING SERVICE MSU INPATIENT SAC
"GUPTA, CHARU ",Deficient,01/15/16,charu.gupta2@va.gov,FEE - MEDICAL SERVICE
"AWREY, JULIANNE M",Deficient,01/15/16,,NON-VA STAFF
"HARGIS, JACQUELINE ",Deficient,01/15/16,jacqueline.hargis@va.gov,NURSING SERVICE OR MTZ
"HEDAYATI, NASIM ",Deficient,01/15/16,nasim.hedayati@va.gov,SURGICAL SERVICE SAC
"WHITE, LADAWN J",Deficient,01/15/16,ladawn.white@va.gov,NURSING SERVICE OR SAC
"PE, MARYBELLE A",Deficient,03/11/16,mape@ucdavis.edu,NON-VA STAFF
"HUNTER, DAVID E",Deficient,04/03/16,david.hunter6@va.gov,MEDICAL SERVICE ED SAC
"GALE, SCOTT A",Deficient,04/16/16,scott.gale@va.gov,SURGICAL SERVICE SAC
"VENTURA, JULIETA V",Deficient,05/10/16,julieta.ventura@va.gov,UNSPECIFIED
"EBERLE, MARY L",Deficient,05/10/16,ucdmary@gmail.com,MEDICAL SERVICE HEM/ONCOLOGY ? DGMC/FF
"MALLOY, ROBERT S",Deficient,05/10/16,robert.malloy@va.gov,UNSPECIFIED
"GOVE, ALLISON L",Deficient,05/11/16,allison.gove-izraelev@va.gov,NURSING SERVICE UCC STAFF SAC
"SAWYER, NICOLAS T",Deficient,05/18/16,nicolas.sawyer@va.gov,NON-VA STAFF
"COULOMBE, SARAH B",Deficient,05/29/16,sarah.coulombe@va.gov,PRIMARY CARE SERVICE - HOME TELEHEALTH
"SCHEGG, TIFFANY ",Deficient,06/09/16,tiffany.schegg@gmail.com,NON-VA STAFF
"COLBY, DANIEL KINGSLEY",Deficient,06/21/16,daniel.colby@gmail.com,NON-VA STAFF
"ABUAN, GLORIOUS A",Deficient,06/28/16,glorious.abuan@va.gov,NURSING SERVICE PRIMARY CARE SAC
"BRESOLIN, JOEL P",Deficient,07/19/16,joel.bresolin@va.gov,MEDICAL SERVICE ED SAC
"LAIS, BYRON R",Deficient,07/20/16,byron.lais@va.gov,RADIOLOGY SERVICE SAC
"MATOLO, NATHANIEL M",Deficient,07/20/16,nathaniel.matolo@va.gov,SURGICAL SERVICE SAC
"STUTZMAN, BRIAN G",Deficient,07/26/16,brian.stutzman@va.gov,NURSING SERVICE EDUCATION
"PRICE, ELLA M",Compliant,07/27/16,ella.price@va.gov,NURSING SERVICE MSU INPATIENT SAC
"LEMONS, KATRINIA R",Compliant,08/08/16,katrinia.lemons@va.gov,MEDICAL SERVICE ED SAC
"KNOWLTON, ANNE A",Compliant,08/18/16,anne.knowlton@va.gov,MEDICAL SERVICE PHYSICIANS SAC
"OK, JOON-HA ",Compliant,09/01/16,joon-ha.ok@va.gov,SURGICAL SERVICE SAC
"MENDOZA, SHERYL M",Compliant,09/05/16,sheryl.mendoza@va.gov,NURSING SERVICE OR MTZ
"MORAN, LAURA M",Compliant,09/16/16,laura.moran@va.gov,NURSING SERVICE TCU SAC
"LLAVE, LAUREN S",Compliant,09/17/16,lauren.llave@va.gov,NURSING SERVICE UCC STAFF SAC
"SEARCY, JEFFREY L",Compliant,09/29/16,jeffrey.searcy@va.gov,UNSPECIFIED
"SZUGGAR, VICTORIA A",Compliant,10/01/16,victoria.szuggar@va.gov,UNSPECIFIED
"TROCHE, THERESA R",Compliant,10/03/16,theresa.troche@va.gov,NURSING SERVICE INTERMITTENT NURSING ASSTS
"HOANG, ANTHONY T",Compliant,10/03/16,anthony.hoang3@va.gov,NURSING SERVICE TCU SAC
"ROSSIGNOL, ERICA N",Compliant,10/08/16,erica.rossignol@va.gov,MEDICAL SERVICE HEM/ONCOLOGY ? DGMC/FF
"ALBANESE, ANTHONY P",Compliant,10/18/16,anthony.albanese@va.gov,UNSPECIFIED
"BEEBE, LAURA A",Compliant,10/19/16,laura.beebe@va.gov,NURSING SERVICE UCC STAFF SAC
"CLUGSTON, ROBERT C",Compliant,10/22/16,robert.clugston@va.gov,NURSING SERVICE CLERICAL SUPPORT EAST BAY
"EMERICK, BAO-PHUONG ",Compliant,10/22/16,bao-phuong.emerick@va.gov,NURSING SERVICE MSU INPATIENT SAC
"KUNGYS, ARNOLDAS S",Compliant,10/26/16,arnoldas.kungys@va.gov,SURGICAL SERVICE SAC
"NGUYEN, JENNY NGOC",Compliant,10/28/16,jenny.nguyen@va.gov,NURSING SERVICE MSU INPATIENT SAC
"OBJERO, MA GRACE P",Compliant,10/28/16,ma.objero@va.gov,NURSING SERVICE SPECIALTY CLINICS SAC
"PRATHER, DANNIE R",Compliant,10/30/16,dan.prather@va.gov,NURSING SERVICE SPECIALTY CLINICS SAC
"SCHAEFER, SAUL ",Compliant,11/03/16,saul.schaefer@va.gov,MEDICAL SERVICE PHYSICIANS SAC
"WILLIAMSON, JANET ",Compliant,11/10/16,janet.williamson@va.gov,NURSING SERVICE MSU INPATIENT SAC
"WALTER, THOMAS R",Compliant,11/10/16,thomas.walter2@va.gov,ANESTHESIOLOGY SVC STAFF
"BRANDSHAUG, BI-YU ",Compliant,11/12/16,bi-yu.brandshaug@va.gov,NURSING SERVICE MSU INPATIENT SAC
"BARKER-TILLEY, JENNIFER D",Compliant,11/13/16,jennifer.barker-tilley@va.gov,NURSING SERVICE UCC STAFF SAC
"HIRASHIMA, IKUMI ",Compliant,11/23/16,ikumi.hirashima@va.gov,NURSING SERVICE CAT LAB AND RADIOLOGY
"DE LEON, CRISPINE M",Compliant,11/24/16,crispine.deleon@va.gov,NURSING SERVICE SPECIALTY CLINICS SAC
"DREW, LEAH M",Compliant,12/01/16,leah.drew@va.gov,NURSING SERVICE UCC STAFF SAC
"FOGELBERG, KAREN E",Compliant,12/07/16,karen.fogelberg@va.gov,SURGICAL SERVICE SAC
"NUTTER, ROBERT W",Compliant,12/07/16,robert.nutter@va.gov,NURSING SERVICE OR SAC
"GIOVANIELLO, KELLI J",Compliant,12/08/16,kelli.campbell-giovaniello@va.gov,MEDICAL SERVICE TRIAGE RED
"HALL, RACHEL L",Compliant,12/08/16,rachel.hall4@va.gov,NURSING SERVICE LASSEN TEAM  RED
"HAUPRICH, ROBIN S",Compliant,12/08/16,robin.hauprich@va.gov,UNSPECIFIED
"MEDINA, VLADIMIR Y",Compliant,12/12/16,vladimir.medina@va.gov,UNSPECIFIED
"MILLERSON, BRADY ",Compliant,12/15/16,brady.millerson@va.gov,UNSPECIFIED
"SCHNUR, PAUL J",Compliant,12/25/16,paul.stevens2@va.gov,UNSPECIFIED
"SHELBURNE, RHONDA L",Compliant,12/25/16,rhonda.shelburne@va.gov,NURSING SERVICE LASSEN TEAM  RED
"TOLLEY, LOIS G",Compliant,12/25/16,lois.tolley@va.gov,NURSING SERVICE CHICO
"CABALLES, AL DANIEL L",Compliant,12/29/16,aldaniel.caballes@va.gov,NURSING SERVICE UCC STAFF SAC
"GERDES, ANGELIC ",Compliant,12/31/16,angelic.gerdes@va.gov,NURSING SERVICE OR SAC
"ARMSTRONG, TODD A",Compliant,12/31/16,todd.armstrong@va.gov,NURSING SERVICE OR SAC
"MCCOY, DERRICK D",Compliant,01/03/17,derrick.mccoy2@va.gov,NURSING SERVICE OR SAC
"RUSTE, CLARISSA A",Compliant,01/05/17,clarissa.ruste@va.gov,NURSING SERVICE MSU INPATIENT SAC
"CARMODY, KIMBERLY S",Compliant,01/05/17,kimberly.carmody@va.gov,NURSING SERVICE UCC STAFF SAC
"ABUYUAN, JOECIMEN K",Compliant,01/08/17,joecimen.abuyuan@va.gov,NURSING SERVICE SPECIALTY CLINICS SAC
"AGUILA, SUSAN M",Compliant,01/17/17,susan.aguila@va.gov,NURSING SERVICE MSU INPATIENT SAC
"ALBERTSON, TIMOTHY E",Compliant,01/17/17,timothy.albertson@va.gov,MEDICAL SERVICE PHYSICIANS SAC
"BIALK, JOEDALYN K",Compliant,01/18/17,joedalyn.bialk@va.gov,NURSING SERVICE SPECIALTY CLINICS SAC
"GREAVES, CLYVE L",Compliant,01/19/17,clyves.greaves@va.gov,ANESTHESIOLOGY SVC STAFF
"MALEC, JOHN J",Compliant,01/19/17,john.malec@va.gov,NURSING SERVICE OR SAC
"MENDOZA, MARY G",Compliant,01/19/17,marygrace.mendoza@va.gov,NURSING SERVICE TCU SAC
"NGUYEN, KIMBERLY ",Compliant,01/19/17,kimberly.nguyen@va.gov,NURSING SERVICE ICU SAC
"SCHAAL, CHRISTOPHER D",Compliant,01/21/17,christopher.schaal@va.gov,NURSING SERVICE UCC STAFF SAC
"SHOJAMANESH, HOMAYOUN ",Compliant,01/22/17,homayoun.shojamanesh@va.gov,MEDICAL SERVICE PHYSICIANS SAC
"TAYLOR, JUNE K",Compliant,01/23/17,june.taylor@va.gov,UNSPECIFIED
"TERRADO, HAZEL C",Compliant,01/26/17,hazel.terrado@va.gov,NURSING SERVICE SPECIALTY CLINICS SAC
"FLORES, SARAH L",Compliant,01/26/17,swflores@uci.edu,MEDICAL SERVICE PHYSICIANS SAC
"MORALES, JENNIFER ",Compliant,01/30/17,jennifer.morales1@va.gov,NURSING SERVICE OR MTZ
"PAZOS, CHRISTOPHER L",Compliant,02/02/17,christopher.pazos@va.gov,NURSING SERVICE UCC STAFF SAC
"DANIELS, GARY N",Compliant,02/04/17,gary.daniels@va.gov,NURSING SERVICE ICU SAC
"KEITH, REBEKAH M",Compliant,02/04/17,rebekah.keith@va.gov,NURSING SERVICE ICU SAC
"MADARANG, NIDA H",Compliant,02/04/17,nida.madarang@va.gov,NURSING SERVICE TCU SAC
"PLAZA, PHILIP C",Compliant,02/04/17,philip.plaza@va.gov,NURSING SERVICE TCU SAC
"EIGENMAN, AARON D",Compliant,02/04/17,aaron.eigenman@va.gov,NURSING SERVICE CAT LAB AND RADIOLOGY
"EMERY, DENISE C",Compliant,02/04/17,denise.emery2@va.gov,NURSING SERVICE OR SAC
"MILES, KAREN G",Compliant,02/04/17,karen.miles@va.gov,NURSING SERVICE MSU INPATIENT SAC
"BORGES, GABRIEL S",Compliant,02/04/17,gborgess@yahoo.com,FEE - MEDICAL SERVICE SAC
"ILAGAN, CARLA B",Compliant,02/04/17,carla.ilagan@va.gov,NURSING SERVICE TCU SAC
"MAKOVEY, YELENA G",Compliant,02/04/17,yelena.makovey@va.gov,NURSING SERVICE UCC STAFF SAC
"BRUNSKILL, GISELA R",Compliant,02/05/17,gisela.brunskill@va.gov,MEDICAL SERVICE CARDIOLOGY MTZ
"GILCHRIST, KEITH W",Compliant,02/06/17,keith.gilchrist2@va.gov,MEDICAL SERVICE HEM/ONCOLOGY ? DGMC/FF
"CHAN, HILLY ",Compliant,02/13/17,hilly.chan@va.gov,NURSING SERVICE MSU INPATIENT SAC
"MARTELL, REECE L",Compliant,02/20/17,reece.martell@va.gov,NURSING SERVICE UCC STAFF SAC
"BANNER, KELLY M",Compliant,02/22/17,kelly.banner@va.gov,NURSING SERVICE OR SAC
"BHATTARAI, ATUL ",Compliant,02/22/17,atul.bhattarai@va.gov,NURSING SERVICE MSU INPATIENT SAC
"GOYAL, POORNIMA G",Compliant,02/22/17,poornima.goyal@va.gov,UNSPECIFIED
"YUNG, VICTORIA ",Compliant,02/23/17,vyyung@ucdavis.edu,NON-VA STAFF
"ALLEN, MAUREENA G",Compliant,02/25/17,maureena.allen2@va.gov,NURSING SERVICE OR MTZ
"CANETE, WILHELMINA S",Compliant,02/25/17,wilhelmina.canete@va.gov,NURSING SERVICE SPECIALTY CLINICS SAC
"CARSON, JOHN G",Compliant,02/25/17,john.carson2@va.gov,SURGICAL SERVICE SAC
"DAVIS, MARCIA J",Compliant,02/25/17,marcia.davis@va.gov,MEDICAL SERVICE ED SAC
"DAWSON, DAVID L",Compliant,02/26/17,david.dawson@va.gov,SURGICAL SERVICE SAC
"HACHIGIAN, GREGORY ",Compliant,02/26/17,greg.hachigian@va.gov,FEE - MEDICAL SERVICE SAC
"PEREZ, YOLANDA ",Compliant,03/02/17,yolanda.perez@va.gov,NURSING SERVICE SPECIALTY CLINICS
"RUMMERFIELD, JOHN J",Compliant,03/03/17,john.rummerfield@va.gov,NURSING SERVICE PRIMARY CARE CLINICS SAC
"TAYLOR, JEFFERY K",Compliant,03/03/17,jktaylor@pol.net,SURGICAL SERVICE SAC
"TELETEN, OKSANA ",Compliant,03/03/17,oksana.teleten@va.gov,PRIMARY CARE SERVICE - HOME TELEHEALTH
"WYATT, ALANA M",Compliant,03/08/17,alana.wyatt@va.gov,NURSING SERVICE UCC STAFF SAC
"BLACKIE, CHUN O",Compliant,03/09/17,chun.blackie@va.gov,NURSING SERVICE UCC STAFF SAC
"HALL MITCHELL, MELISSA K",Compliant,03/09/17,melissa.hall@va.gov,NURSING SERVICE OR SAC
"SIMANGAN, MANUEL G",Compliant,03/10/17,manuel.simangan@va.gov,NURSING SERVICE RN SUPERVISORS EAST BAY
"PATEL, ROMA P",Compliant,03/10/17,rpatel0121@gmail.com,SURGICAL SERVICE SAC
"LEE, SANDY S",Compliant,03/10/17,sandy.lee@va.gov,ANESTHESIOLOGY SVC STAFF
"VALLEE, DONNA M",Compliant,03/11/17,donna.vallee@va.gov,NURSING SERVICE CAT LAB AND RADIOLOGY
"KEOCHEKIAN, ANNETTE A",Compliant,03/12/17,annette.keochekian@va.gov,ANESTHESIOLOGY SVC STAFF
"TAG-AT, JOANNE C",Compliant,03/13/17,joanne.tag-at@va.gov,NURSING SERVICE ICU SAC
"GOEL, PUSHPA ",Compliant,03/14/17,pushpa.goel@va.gov,NURSING SERVICE CLERICAL SUPPORT EAST BAY
"YONEDA, KEN Y",Compliant,03/14/17,ken.yoneda@va.gov,MEDICAL SERVICE MTZ
"MOSCOSO, MARIA CONSUELO M",Compliant,03/16/17,maria.moscoso@va.gov,NURSING SERVICE TCU SAC
"LEE, RANDALL E",Compliant,03/16/17,randall.lee@va.gov,MEDICAL SERVICE PHYSICIANS SAC
"SINGH, VIRMEET V",Compliant,03/18/17,virmeet.singh2@va.gov,MEDICAL SERVICE PHYSICIANS SAC
"BHAT, AMOGH ",Compliant,03/18/17,amogh.bhat@va.gov,MEDICAL SERVICE PHYSICIANS SAC
"PATTERSON, CONSTANCE A",Compliant,03/18/17,constance.patterson@va.gov,NURSING SERVICE OR SAC
"Blasius, SUE R",Compliant,03/18/17,sue.rivera@va.gov,NURSING SERVICE MSU INPATIENT SAC
"RECINTO, FRANCISCO R",Compliant,03/18/17,franciscorecintojr@gmail.com,UNSPECIFIED
"LARAWAY, MARY J",Compliant,03/18/17,maryjean.laraway@va.gov,NURSING SERVICE OR SAC
"SZETO, DEBORAH A",Compliant,03/18/17,deborahszeto@gmail.com,NURSING SERVICE ICU SAC
"NAVARRA, ERROL A",Compliant,03/18/17,errol.navarra@va.gov,NURSING SERVICE OR SAC
"NAVARRA, JULIANA S",Compliant,03/18/17,juliana.navarra@va.gov,NURSING SERVICE TCU SAC
"TUAZON, DELIA E",Compliant,03/18/17,delia.tuazon@va.gov,NURSING SERVICE MSU INPATIENT SAC
"CHENOWETH, JAMES A",Compliant,03/20/17,james.chenoweth@ucdmc.ucdavis.edu,NON-VA STAFF
"ALLEN, ROBLEE PETER",Compliant,03/20/17,roblee.allen@ucdmc.ucdavis.edu,NON-VA STAFF
"AVDALOVIC, MARK V",Compliant,03/20/17,mark.avdalovic@ucdmc.ucdavis.edu,MEDICAL SERVICE PHYSICIANS SAC
"FARRELL, ANNA M",Compliant,03/21/17,annamaria.farrell@va.gov,NURSING SERVICE CAT LAB AND RADIOLOGY
"HEARNEY, ELAINE G",Compliant,03/24/17,elaine.hearney2@va.gov,MEDICAL SERVICE PHYSICIANS SAC
"PUTNAM, SHAWNEE ",Compliant,03/24/17,shawnee.putnam@va.gov,NURSING SERVICE LASSEN TEAM  RED
"PANGAN, WILLIAM V",Compliant,03/24/17,william.pangan@va.gov,NURSING SERVICE ICU SAC
"LEUNG, JOSEPH W",Compliant,03/25/17,joseph.leung2@va.gov,MEDICAL SERVICE PHYSICIANS SAC
"BANYA, ELEANOR ",Compliant,03/25/17,eleanor.banya@va.gov,NURSING SERVICE TCU SAC
"BAKER, JON M",Compliant,03/25/17,jon.baker@va.gov,SURGICAL SERVICE SAC
"CRISENO, ERWIN L",Compliant,03/25/17,erwin.criseno@va.gov,NURSING SERVICE PRIMARY CARE SAC
"KELLY, MICHAEL H",Compliant,03/25/17,michael.kelly9@va.gov,NURSING SERVICE UCC STAFF SAC
"RICE, LARRY K",Compliant,03/25/17,larry.rice3@va.gov,NURSING SERVICE OR SAC
"TIMMERMAN, JOHN L",Compliant,03/25/17,john.timmerman@va.gov,NURSING SERVICE CAT LAB AND RADIOLOGY
"WIEDEMAN, JAMES E",Compliant,03/29/17,james.wiedeman@va.gov,SURGICAL SERVICE SAC
"TOLARI-MALM, SUZZANNE L",Compliant,03/29/17,suzzane.tolari-malm@va.gov,NURSING SERVICE UCC STAFF SAC
"FORD, SHEILA E",Compliant,03/29/17,sheila.ford@va.gov,UNSPECIFIED
"SHEDD, KENNETH S",Compliant,03/30/17,kenneth.shedd@va.gov,UNSPECIFIED
"TURNER, DAVID J",Compliant,03/30/17,david.turner4@va.gov,NURSING SERVICE UCC STAFF SAC
"MCCONACHIE, TRACY M",Compliant,03/31/17,tracy.mcconachie@va.gov,NURSING SERVICE CHICO
"REGUERA, TIFFANY LOCKHART",Compliant,04/01/17,tiffany.reguera@va.gov,MEDICAL SERVICE TRIAGE RED
"MURIN, SUSAN ",Compliant,04/03/17,susan.murin@ucdmc.ucdavis.edu,MEDICAL SERVICE PHYSICIANS SAC
"PETTIT, TIFFANY D",Compliant,04/04/17,tiffany.pettit@va.gov,NURSING SERVICE OR SAC
"LOUIE, SAMUEL ",Compliant,04/04/17,samuel.louie@ucdmc.ucdavis.edu,NON-VA STAFF
"TUMULAK, IAN S",Compliant,04/06/17,ian.tumulak@va.gov,NURSING SERVICE OR SAC
"MANUGO, BRYAN A",Compliant,04/06/17,bryan.manugo@va.gov,NURSING SERVICE CAT LAB AND RADIOLOGY
"CHAO, AMY C",Compliant,04/06/17,amy.chao@va.gov,UNSPECIFIED
"HARVEY, KAYLA J",Compliant,04/06/17,kayla.harvey@va.gov,NURSING SERVICE MSU INPATIENT SAC
"BERTHIAUME, CORY R",Compliant,04/07/17,cory.berthiaume@va.gov,NURSING SERVICE CAT LAB AND RADIOLOGY
"CARTER, ROBERT A",Compliant,04/07/17,robert.carter4@va.gov,SURGICAL SERVICE SAC
"GIGLIO, THOMAS R",Compliant,04/07/17,thomas.giglio2@va.gov,NURSING SERVICE RN LVN NA SAC
"KUMAR, MUNISH ",Compliant,04/07/17,munish.kumar@va.gov,UNSPECIFIED
"PURGANAN, MARITES E",Compliant,04/07/17,marites.purganan@va.gov,NURSING SERVICE CAT LAB AND RADIOLOGY
"STOLLENWERK, NICHOLAS S",Compliant,04/07/17,nicholas.stollenwerk@va.gov,MEDICAL SERVICE PHYSICIANS SAC
"AMPHONEPHONG, PANG A",Compliant,04/07/17,pang.amphonephong@va.gov,NURSING SERVICE MSU INPATIENT SAC
"ARMSTRONG, BREANNA C",Compliant,04/07/17,breanna.armstrong4@va.gov,NURSING SERVICE CAT LAB AND RADIOLOGY
"FORD, MARILYN JUNE",Compliant,04/07/17,marilyn.ford@va.gov,UNSPECIFIED
"SAFAVI, SHAHRIAR S",Compliant,04/08/17,shahriar.safavi@va.gov,MEDICAL SERVICE MTZ
"DE AQUINO, WILLCRIS A",Compliant,04/08/17,wdeaquino88@gmail.com,NURSING SERVICE CAT LAB AND RADIOLOGY
"BEETZ, KIM M",Compliant,04/09/17,kim.beetz@va.gov,NURSING SERVICE OR SAC
"EPLEY, ROBERT L",Compliant,04/12/17,robert.epley@va.gov,MEDICAL SERVICE TRIAGE RED
"STOVER, SOOK ",Compliant,04/12/17,yoon-sook.stover@va.gov,MEDICAL SERVICE HOSPITALISTS SAC
"VASQUEZ, VICTOR I",Compliant,04/12/17,victor.vasquez@va.gov,NURSING SERVICE MSU INPATIENT SAC
"MILLS, TREVOR J",Compliant,04/12/17,trevor.mills@va.gov,MEDICAL SERVICE ED SAC
"EGAN, JAMES W",Compliant,04/12/17,james.egan@va.gov,MEDICAL SERVICE MTZ
"HIRIGOYEN, PAMELA E",Compliant,04/12/17,pamela.hirigoyen@va.gov,UNSPECIFIED
"WILLIAMS, JOHN C",Compliant,04/13/17,john.williams25@va.gov,MEDICAL SERVICE TRIAGE RED
"CRONE, CATHY K",Compliant,04/13/17,cathy.crone@va.gov,NURSING SERVICE ICU SAC
"BOTE-ZINGAPAN, LOURDES P",Compliant,04/15/17,lourdes.bote01@va.gov,NURSING SERVICE ICU SAC
"CHOCK, DAISY T",Compliant,04/15/17,daisy.chock@va.gov,NURSING SERVICE ICU SAC
"BURDEN, MELISSA L",Compliant,04/15/17,melissa.burden2@va.gov,NURSING SERVICE UCC STAFF SAC
"ELIE, GREGORY M",Compliant,04/15/17,gregory.elie@va.gov,NURSING SERVICE PRIMARY CARE SAC
"GANTUANGCO, REVENA D",Compliant,04/15/17,revena.gantuangco@va.gov,NURSING SERVICE ICU SAC
"HO, ANDREW M",Compliant,04/15/17,andrew.ho@va.gov,SURGICAL SERVICE SAC
"JAMES, MARY M",Compliant,04/15/17,mary.james5@va.gov,NURSING SERVICE LASSEN TEAM  RED
"PADILLA, PATRICK S",Compliant,04/15/17,patrick.padilla@va.gov,NURSING SERVICE ICU SAC
"SARAO, KEYSHA MARIE S",Compliant,04/15/17,kitchapie@yahoo.com,NURSING SERVICE UCC STAFF SAC
"VERSOZA, MICHAEL M",Compliant,04/15/17,michael.versoza@med.va.gov,NURSING SERVICE UCC STAFF SAC
"CLARK, CHRISTOPHER B",Compliant,04/15/17,christopher.clark2@va.gov,NURSING SERVICE TCU SAC
"SIMPSON, JESSICA M",Compliant,04/15/17,jessica.simpson@va.gov,NURSING SERVICE OR SAC
"COLLINS, LISA M",Compliant,04/15/17,lisa.collins4@va.gov,NURSING SERVICE OR SAC
"CRUZ, SHEILA B",Compliant,04/15/17,sheila.cruz01@va.gov,NURSING SERVICE ICU SAC
"CUTARAN, CAROLYN D",Compliant,04/15/17,carolyn.cutaran@va.gov,NURSING SERVICE UCC STAFF SAC
"HINAHON, JOSEPH A",Compliant,04/15/17,joseph.hinahon@va.gov,NURSING SERVICE ICU SAC
"NIELSEN, ALISON A",Compliant,04/15/17,alison.nielsen@va.gov,ANESTHESIOLOGY SVC STAFF
"ROBERSON, FRANCES G",Compliant,04/15/17,frances.roberson@va.gov,UNSPECIFIED
"GUEVARA, SUSY A",Compliant,04/18/17,susy.guevara@va.gov,NURSING SERVICE TCU SAC
"KRAFT, REGINA M",Compliant,04/21/17,regina.kraft@va.gov,NURSING SERVICE OR SAC
"DELAO, SARA E",Compliant,04/24/17,sara.delao@va.gov,NURSING SERVICE MSU INPATIENT SAC
"KRISTJANSSON, JENNIFER L",Compliant,04/26/17,jkristjansson@ucdavis.edu,NON-VA STAFF
"PEDERSEN, CHRISTINA M",Compliant,04/26/17,christina.pedersen@va.gov,NURSING SERVICE MSU INPATIENT SAC
"DEGUZMAN, NELSON ",Compliant,04/27/17,nelson.deguzman@va.gov,UNSPECIFIED
"JOHNSTON, BRANDAE M",Compliant,04/27/17,brandae.johnston@va.gov,NURSING SERVICE OR SAC
"PIANO, ELOISA A",Compliant,04/27/17,eloisa.piano@va.gov,NURSING SERVICE MSU INPATIENT SAC
"DASALLA, CAROLINE L",Compliant,04/27/17,caroline.dasalla@va.gov,NURSING SERVICE UCC STAFF SAC
"JONES, LAURA E",Compliant,04/27/17,laura.jones@va.gov,MEDICAL SERVICE ED SAC
"MUNDH, HARVINDER ",Compliant,04/27/17,harvinder.mundh@va.gov,NEUROLOGY/PHYS REHAB SVC SAC
"NISSEN, NANCY A",Compliant,04/27/17,nancy.nissen@va.gov,OFFICE OF THE DIRECTORS C & P MCCL
"TAYLOR, JOHN K",Compliant,04/27/17,karl.taylor@va.gov,MEDICAL SERVICE ED SAC
"WROBLICKY, PETER T",Compliant,04/27/17,peter.wroblicky@va.gov,MEDICAL SERVICE ED SAC
"YEN, ANDREW W",Compliant,04/27/17,andrew.yen@va.gov,MEDICAL SERVICE PHYSICIANS SAC
"COLIC, AMBER A",Compliant,04/27/17,amber.colic@va.gov,UNSPECIFIED
"HOLMES, MARLA D",Compliant,04/27/17,marla.holmes@va.gov,NURSING SERVICE OPC OAK
"CARDOZA, FRANK D",Compliant,04/27/17,frank.cardoza@va.gov,NURSING SERVICE SPECIALTY CLINICS SAC
"WOLOKOLIE, RUFUS P",Compliant,04/27/17,rufus.wolokolie@va.gov,NURSING SERVICE UCC STAFF SAC
"FLORIDA, MARIA C",Compliant,04/28/17,maria.florida@us.af.mil,NURSING SERVICE UCC STAFF SAC
"SQUIRES, LANE D",Compliant,04/28/17,ldsquires@gmail.com,SURGICAL SERVICE SAC
"KIETURAKIS, JOLANTA M",Compliant,04/28/17,jolanta.kieturakis@va.gov,ANESTHESIOLOGY SVC STAFF
"MCGUIRE, KEVIN R",Compliant,04/28/17,kevin.mcguire@va.gov,NURSING SERVICE OR SAC
"MELANDER, JOHN N",Compliant,04/28/17,john.melander@va.gov,ANESTHESIOLOGY SVC STAFF
"NUGENT, KEVIN P",Compliant,04/28/17,kevin.nugent@va.gov,CHIEF OF STAFF ADMIN SAC
"CROWELL, TRACY L",Compliant,04/28/17,tracy.crowell@va.gov,NURSING SERVICE LASSEN TEAM  RED
"DENNO, MARK D",Compliant,04/29/17,mark.denno@va.gov,NURSING SERVICE UCC STAFF SAC
"MANOSALVA, JOEL F",Compliant,04/29/17,joel.manosalva@va.gov,MEDICAL SERVICE MTZ
"OZERUGA, SERGEY P",Compliant,04/29/17,sergey.ozeruga@va.gov,NURSING SERVICE UCC STAFF SAC
"QUIRANTE, MARYCARWEL P",Compliant,05/05/17,marycarwel.quirante@va.gov,NURSING SERVICE TCU SAC
"TELETEN, YULIYA V",Compliant,05/06/17,yuliya.teleten@va.gov,NURSING SERVICE UCC STAFF SAC
"SAMSON, LARAMIE ",Compliant,05/06/17,laramie.samson@va.gov,NURSING SERVICE SPECIALTY CLINICS SAC
"CRISTALES, CLARISSA S",Compliant,05/10/17,clarissa.cristales@va.gov,NURSING SERVICE TCU SAC
"GAJE, KRIS C",Compliant,05/11/17,kriscarlou.gaje@va.gov,NURSING SERVICE MSU INPATIENT SAC
"HEWITT, VIRGINIA A",Compliant,05/11/17,virginia.hewitt@va.gov,NURSING SERVICE CAT LAB AND RADIOLOGY
"NOONAN, SEANEEN M",Compliant,05/11/17,seaneen.noonan@va.gov,NURSING SERVICE NURSE EDUCATION/VANAP
"AVENA, JESSICA D",Compliant,05/11/17,jessica.avena@va.gov,UNSPECIFIED
"GOH, WEI-CHUN ",Compliant,05/11/17,wei.goh@va.gov,MEDICAL SERVICE NP MTZ
"GUTIERREZ, REBECK P",Compliant,05/11/17,rebeck.gutierrez@va.gov,NURSING SERVICE PRIMARY CARE CLINICS SAC
"STEELE, TOBY O",Compliant,05/11/17,steelet@ohsu.edu,SURGICAL SERVICE SAC
"KUMAR, SHALEENA K",Compliant,05/11/17,shaleena.kumar@va.gov,NURSING SERVICE INTERMITTENT NURSING ASSTS
"ORISEK, BRIAN S",Compliant,05/11/17,brian.orisek@va.gov,SURGICAL SERVICE SAC
"COSENTINO, MARI L",Compliant,05/11/17,mcosentino@ucdavis.edu,NON-VA STAFF
"DAVIS, MIRIAM T",Compliant,05/11/17,mtdavis@ucdavis.edu,NON-VA STAFF
"FORD, JONATHAN B",Compliant,05/11/17,jonathan.ford@ucdmc.ucdavis.edu,NON-VA STAFF
"MAY, LARISSA S",Compliant,05/11/17,,NON-VA STAFF
"SCHEERLINCK, PIETER H",Compliant,05/14/17,pscheerlinck@ucdavis.edu,NON-VA STAFF
"SUTTER, MARK E",Compliant,05/16/17,mark.sutter@va.gov,NON-VA STAFF
"ROCHE, BAILEY ",Compliant,05/18/17,baileyroche@gmail.com,NON-VA STAFF
"CABEZUDO, NEFTALI ",Compliant,05/18/17,neftali.cabezudo@va.gov,NURSING SERVICE NURSE EDUCATION/VANAP
"PEREZ, HUI Y",Compliant,05/19/17,hui.perez@va.gov,NURSING SERVICE UCC STAFF SAC
"WACHTER, SARA A",Compliant,05/21/17,sara.chesarek@va.gov,NURSING SERVICE UCC STAFF SAC
"WONG, TIFFANY ",Compliant,05/25/17,tiffany.wong@va.gov,SURGICAL SERVICE OPTHAMALOGY SAC
"CHUNG, ANDY ",Compliant,05/25/17,andy.chung@va.gov,NURSING SERVICE MSU INPATIENT SAC
"ZUNIGA, ANAYEL ",Compliant,05/25/17,anayel.zuniga@va.gov,NURSING SERVICE MSU INPATIENT SAC
"BUCKLER, PAMELA ",Compliant,05/25/17,pamela.buckler@va.gov,NURSING SERVICE OR SAC
"PARKER, REBECCA L",Compliant,05/25/17,rebecca.parker@va.gov,MEDICAL SERVICE HEM/ONCOLOGY ? DGMC/FF
"WRIGHT, MATTHEW D",Compliant,05/25/17,matthew.wright@va.gov,NURSING SERVICE ICU SAC
"VEILLEUX, STACEY N",Compliant,05/25/17,staceynicole0104@gmail.com,NURSING SERVICE UCC STAFF SAC
"WHETZEL, THOMAS P",Compliant,05/25/17,thomas.whetzel@va.gov,SURGICAL SERVICE SAC
"BING, MARY L",Compliant,05/25/17,,NON-VA STAFF
"DANIELSON, AARON R",Compliant,05/25/17,,NON-VA STAFF
"DUDLEY-ALFORD, MONTINA L",Compliant,05/25/17,motina.dudley-alford@va.gov,NURSING SERVICE TCU SAC
"FABELLA, EARLBHERT L",Compliant,05/25/17,earlbhert.fabella@va.gov,NURSING SERVICE MSU INPATIENT SAC
"KHARCHENKO, VERA ",Compliant,05/25/17,vera.kharchenko@va.gov,NURSING SERVICE OR SAC
"VANG, CHOUA S",Compliant,05/25/17,choua.vang@va.gov,NURSING SERVICE MSU INPATIENT SAC
"CREAMER, PAULA M",Compliant,05/25/17,paula.creamer@va.gov,NURSING SERVICE NURSE EDUCATION/VANAP
"GONZALEZ, DANIS A",Compliant,05/25/17,danise.gonzalez@va.gov,NURSING SERVICE SPECIALTY CLINICS SAC
"KUNZ, KAREN M",Compliant,05/26/17,karen.kunz@va.gov,NURSING SERVICE OR SAC
"PHAN, AMY T",Compliant,05/26/17,amy.phan@va.gov,NURSING SERVICE TCU SAC
"ANGELO, LESLEY E",Compliant,05/27/17,lesley.angelo@va.gov,NURSING SERVICE UCC STAFF SAC
"STAYNER, JOSEPH E",Compliant,05/27/17,joseph.stayner@va.gov,NURSING SERVICE EDUCATION
"BARBER, REGINA Y",Compliant,05/28/17,regina.barber@va.gov,NURSING SERVICE MSU INPATIENT SAC
"CALDERON, SANDRA G",Compliant,05/28/17,scalderonx2@gmail.com,MEDICAL SERVICE ED SAC
"DOLAN, JOHN L",Compliant,05/29/17,john.dolan2@va.gov,FEE - PRIMARY CARE SERVICE
"REYES-DELFIN, MARY C",Compliant,05/29/17,mary.reyesgalzote@va.gov,NURSING SERVICE PRIMARY CARE CLINICS SAC
"TAYLOR, DAWN Y",Compliant,05/29/17,dawn.taylor8@va.gov,UNSPECIFIED
"VALCOUR, SUZANNE M",Compliant,05/29/17,suzanne.valcour@va.gov,NURSING SERVICE CAT LAB AND RADIOLOGY
"VU, THIENNU H",Compliant,05/29/17,thiennu.vu@va.gov,MEDICAL SERVICE OPC OAK
"VAN, LUCY T",Compliant,05/29/17,lucy.van@va.gov,NURSING SERVICE MSU INPATIENT SAC
"SWAMY, NARAYANA K",Compliant,05/29/17,narayana.swamy@va.gov,SURGICAL SERVICE SAC
"BALTAZAR, NANCY B",Compliant,05/29/17,nancy.baltazar@va.gov,NURSING SERVICE OR SAC
"SATO, BRIAN M",Compliant,05/29/17,brian.sato@va.gov,NURSING SERVICE TCU SAC
"TATE, SAMUEL J",Compliant,05/30/17,sjtate@gmail.com,NON-VA STAFF
"DSOUZA, SHANTHI J",Compliant,05/30/17,shanthi.dsouza@va.gov,UNSPECIFIED
"TARK, ERNEST F",Compliant,05/30/17,ernest.tark@va.gov,SURGICAL SERVICE EAST BAY
"KARP, RICHARD A",Compliant,05/31/17,richard.karp@va.gov,UNSPECIFIED
"AKBAR, ALIYA ",Compliant,06/01/17,akbar.a.umar@gmail.com,MEDICAL SERVICE ED SAC
"DAVIS, ALLYN P",Compliant,06/01/17,allyn.davis@va.gov,NURSING SERVICE UCC STAFF SAC
"GEORGE, JIJO P",Compliant,06/01/17,jijo.george@va.gov,NURSING SERVICE MSU INPATIENT SAC
"LEE, EUGENE S",Compliant,06/02/17,eugene.lee01@va.gov,SURGICAL SERVICE SAC
"PHELPS, VERONICA L",Compliant,06/03/17,veronica.phelps@va.gov,NURSING SERVICE MSU INPATIENT SAC
"VILLAMAYOR-FADUL, MILLICENT MADRINAN",Compliant,06/03/17,millicent.villamayor-fadul@va.gov,NURSING SERVICE OR SAC
"ROBERTS, GARY A",Compliant,06/03/17,gary.roberts2@va.gov,MEDICAL SERVICE ED SAC
"SAELEE, NAIFONG N",Compliant,06/03/17,nancynsaelee@hotmail.com,NURSING SERVICE UCC STAFF SAC
"PABLA, SUKHDEV K",Compliant,06/03/17,sukhdev.pabla@va.gov,MEDICAL SERVICE HEM/ONCOLOGY ? DGMC/FF
"RILEY, ABIGAIL L",Compliant,06/03/17,abigail.riley@va.gov,NURSING SERVICE MSU INPATIENT SAC
"MOMOH, MOSES S",Compliant,06/03/17,moses.momoh2@va.gov,NURSING SERVICE MSU INPATIENT SAC
"GUEVARA, SALVADOR GALLARDO",Compliant,06/03/17,guevara.salvador.g@gmail.com,SURGICAL SERVICE SAC
"CLARKE, BRYAN J",Compliant,06/03/17,bryan.clarke2@va.gov,NURSING SERVICE UCC STAFF SAC
"DOBROVOLSKAYA, OLGA ",Compliant,06/03/17,olga.dobrovolskaya@va.gov,PRIMARY CARE NURSE MANAGERS
"XIONG, YEE ",Compliant,06/03/17,yee.xiong@va.gov,NURSING SERVICE MSU INPATIENT SAC
"NGUYEN-DINH, THANH ",Compliant,06/03/17,thanh.nguyen-dinh@va.gov,UNSPECIFIED
"SUZUKI, ADA F",Compliant,06/03/17,ada.suzuki@va.gov,UNSPECIFIED
"CLOMAN, JEANINE ",Compliant,06/03/17,jeanine.cloman@va.gov,NURSING SERVICE OR SAC
"SALAZAR, BIENVENIDA M",Compliant,06/03/17,bienvenida.salazar@va.gov,NURSING SERVICE OR SAC
"LORD, MARY E",Compliant,06/03/17,mary.lord@va.gov,NURSING SERVICE TCU SAC
"SEELY, KEITH A",Compliant,06/03/17,keith.seely@va.gov,UNSPECIFIED
"TEMPLADO, CORSINI C",Compliant,06/07/17,corsini98@yahoo.com,UNSPECIFIED
"FLORES, CLIFFORD G",Compliant,06/08/17,clifford.flores@va.gov,UNSPECIFIED
"BARAJAS, LIGAYA B",Compliant,06/10/17,ligaya.foz@va.gov,NURSING SERVICE ICU SAC
"CACHO, ANDREA G",Compliant,06/10/17,andrea.cacho@va.gov,NURSING SERVICE ICU SAC
"GONZALES-CABEBE, L G",Compliant,06/10/17,liberty.gonzales-cabebe@va.gov,NURSING SERVICE ICU SAC
"HERNANDEZ, ALBERT G",Compliant,06/10/17,albert.hernandez3@va.gov,NURSING SERVICE ICU SAC
"REYES, HERNANIE M",Compliant,06/10/17,hernanie.reyes@va.gov,NURSING SERVICE ICU SAC
"GUSEVA, ANASTASIYA ",Compliant,06/10/17,anastasiya.guseva@va.gov,NURSING SERVICE MSU INPATIENT SAC
"WILLIAMS, RICHARD D",Compliant,06/10/17,richard.williams10@va.gov,NURSING SERVICE ICU SAC
"LABIS, JANET J",Compliant,06/10/17,janet.labis@va.gov,NURSING SERVICE OR SAC
"RAMSAY, PATRICIA L",Compliant,06/13/17,Patricia.Ramsay@va.gov,NURSING SERVICE OR SAC
"MILES, KAREN ",Compliant,06/15/17,karen.miles3@va.gov,NURSING SERVICE UCC STAFF SAC
"MAGALIT, RUBY S",Compliant,06/15/17,ruby.magalit@va.gov,MEDICAL SERVICE HEM/ONCOLOGY ? DGMC/FF
"GROVES, DANA E",Compliant,06/15/17,dana.groves@va.gov,NURSING SERVICE UCC STAFF SAC
"VAZQUEZ, MARIA D",Compliant,06/15/17,maria.vazquez10@va.gov,NURSING SERVICE TCU SAC
"TOOMSEN, LEE C",Compliant,06/15/17,lee.toomsen@va.gov,MEDICAL SERVICE HEM/ONCOLOGY ? DGMC/FF
"GODLEY, SHELLEY P",Compliant,06/15/17,shelley.godley@va.gov,SURGICAL SERVICE SAC
"LOUIS, NICHOLAS J",Compliant,06/15/17,nicholas.louis@va.gov,NURSING SERVICE ICU SAC
"SAKBUN, RATHEANY ",Compliant,06/15/17,rsakbun@gmail.com,SURGICAL SERVICE SAC
"BALANCE, AUREA ",Compliant,06/15/17,aurea.balance@va.gov,NURSING SERVICE TCU SAC
"SALERA, RODELEI M",Compliant,06/15/17,rodelei.salera@va.gov,NURSING SERVICE SPECIALTY CLINICS SAC
"DONES, CLARITA T",Compliant,06/15/17,clarita.dones@va.gov,NURSING SERVICE TCU SAC
"HARPER, RICHART W",Compliant,06/16/17,rwharper@ucdavis.edu,MEDICAL SERVICE PHYSICIANS SAC
"MEFFORD, JASON ",Compliant,06/16/17,jmefford@ucdavis.edu,NON-VA STAFF
"KENYON, NICHOLAS ",Compliant,06/16/17,njkenyon@ucdavis.edu,NON-VA STAFF
"LEE, RITA Y",Compliant,06/16/17,ryl4gi@sbcglobal.net,MEDICAL SERVICE PHYSICIANS SAC
"SAMPLES, ROBERTA A",Compliant,06/16/17,roberta.samples@va.gov,MEDICAL SERVICE PHYSICIANS SAC
"STAATS, KAREN ",Compliant,06/16/17,karen.staats@va.gov,UNSPECIFIED
"CHILTON, KATHLEEN A",Compliant,06/16/17,kathleen.chilton@va.gov,UNSPECIFIED
"CULL, SUSAN K",Compliant ,06/16/17,susan.cull@va.gov,UNSPECIFIED
"HALL, EILEEN M",Compliant,06/16/17,eileen.hall@va.gov,UNSPECIFIED
"AUSTIN, JEREMY ROBERT",Compliant,06/16/17,jeremy.austin@va.gov,FEE - PRIMARY CARE SERVICE
"BECKERMAN, NATHAN S",Compliant,06/16/17,nsbeckerman@gmail.com,FEE - MEDICAL SERVICE SAC
"GARDNER, JANET P",Compliant,06/16/17,janet.gardner@va.gov,NURSING SERVICE UCC STAFF SAC
"INMAN, JAYNE M",Compliant,06/16/17,jayne.inman@va.gov,UNSPECIFIED
"LATIMER, PATTI S",Compliant,06/16/17,patti.latimer@va.gov,NURSING SERVICE OR SAC
"LETRAN, JACQUELINE T",Compliant,06/19/17,jacqueline.letran@va.gov,MEDICAL SERVICE ED SAC
"NANIGIAN, DANA K",Compliant,06/21/17,dana.nanigian@va.gov,SURGICAL SERVICE SAC
"NGUYEN, ANNA P",Compliant,06/21/17,anna.nguyen@va.gov,NURSING SERVICE MSU INPATIENT SAC
"TACA, SARAH ANNE P",Compliant,06/22/17,sarahanne.taca@va.gov,NURSING SERVICE TCU SAC
"WOELFEL, MONICA H",Compliant,06/22/17,monicawoelfel@gmail.com,NURSING SERVICE TCU SAC
"MANDIN, PROCULA D",Compliant,06/23/17,procula.mandin@va.gov,NURSING SERVICE ICU SAC
"GRACE, NALANI L",Compliant,06/23/17,nalanigrace@gmail.com,SURGICAL SERVICE SAC
"ARENZANA, GRACE L",Compliant,06/23/17,grace.arenzana@va.gov,NURSING SERVICE SPECIALTY CLINICS SAC
"OPADA, CHRISTIE ",Compliant,06/23/17,christie.opada@va.gov,NURSING SERVICE SPECIALTY CLINICS SAC
"BAUTISTA, EDITH C",Compliant,06/23/17,edith.bautista@va.gov,ANESTHESIOLOGY SVC STAFF
"FULLER, SCOTT C",Compliant,06/23/17,scott.fuller@va.gov,SURGICAL SERVICE SAC
"PARAS, MERCEDITAS F",Compliant,06/23/17,merceditas.paras@va.gov,NURSING SERVICE OR SAC
"FABI, MARY ROSE L",Compliant,06/23/17,maryrose.fabi@va.gov,UNSPECIFIED
"MAGLOIRE, ALIX J",Compliant,06/23/17,alix.magloire@va.gov,UNSPECIFIED
"NANGALAMA, ANDREW W",Compliant,06/23/17,andrew.nangalama@va.gov,MEDICAL SERVICE ED SAC
"QELI, ALBI ",Compliant,06/23/17,albi.qeli@va.gov,SURGICAL SERVICE SAC
"YAP, STANLEY A",Compliant,06/23/17,stanley.yap@va.gov,SURGICAL SERVICE SAC
"IGLOWITZ, MOOK-LAN S",Compliant,06/24/17,mook-lan.iglowitz@va.gov,MEDICAL SERVICE HOSPITALISTS SAC
"NOLL, ROBERT E",Compliant,06/27/17,robert.noll@va.gov,SURGICAL SERVICE SAC
"WALTER, MARC C",Compliant,06/27/17,marc.walter@va.gov,MEDICAL SERVICE ED SAC
"DONALD, JANET ",Compliant,06/27/17,janet.donald@va.gov,ANESTHESIOLOGY SVC STAFF
"HENDERSON, CYNTHIA N",Compliant,06/28/17,cynthia.henderson2@va.gov,UNSPECIFIED
"SWENSON, RODNEY M",Compliant,06/28/17,rodney.swenson@va.gov,UNSPECIFIED
"PATIL, ANITA ",Compliant,06/28/17,anita.patil@va.gov,UNSPECIFIED
"HERNANDEZ, MELODY O",Compliant,06/28/17,melody.hernandez@va.gov,NURSING SERVICE OR SAC
"LIU, JEI-ING ",Compliant,06/28/17,jei-ing.liu@va.gov,NURSING SERVICE TCU SAC
"VERGARA, JONATHAN L",Compliant,06/28/17,jonathan.vergara@va.gov,NURSING SERVICE INTERMITTENT NURSING ASSTS
"CHARY, SESHA P",Compliant,06/28/17,sesha.chary@va.gov,FEE - MEDICAL SERVICE RHEUMATOLOGY
"BILIAK, TATYANA ",Compliant,06/29/17,tatyana.kotyakova@va.gov,NURSING SERVICE UCC STAFF SAC
"CHENG, DANNY ",Compliant,06/29/17,danny.cheng@va.gov,RADIOLOGY SERVICE SAC
"GOODMAN, CHAD J",Compliant,06/30/17,chad.goodman@va.gov,RADIOLOGY SERVICE SAC
"HORVAT, ROBERT T",Compliant,07/04/17,robert.horvat@va.gov,MEDICAL SERVICE ED SAC
"LINK, DANIEL P",Compliant,07/04/17,daniel.link@va.gov,SURGICAL SERVICE SAC
"MORRELL-BALANON, ALI ",Compliant,07/04/17,ali.morrell-balanon@va.gov,ANESTHESIOLOGY SVC STAFF
"SCHLUND, JOHN J",Compliant,07/05/17,john.schlund@va.gov,MEDICAL SERVICE ED SAC
"WOLD, THOMAS F",Compliant,07/12/17,thomas.wold@va.gov,SURGICAL SERVICE SAC
"GALANO, ERNESTO Q",Compliant,07/13/17,ernest.galano@va.gov,NURSING SERVICE ICU SAC
"JAYMALIN-BRESOLIN, DEANNA L",Compliant,07/15/17,deanna.jaymalin-bresolin@va.gov,NURSING SERVICE UCC STAFF SAC
"CHAN, IAN ",Compliant,07/16/17,ian.chan@va.gov,MEDICAL SERVICE PHYSICIANS SAC
