Count of Date of contact,
Employee involved,Total
"ADAMS, JENNIFER L PT",1
"ADAMS-HUEL, RENEE",1
"AJERO, PERLA G",1
"ALBERT, DONNA M AA",1
"ALBERTS, TIFFANY MARIE LVN",2
"ALEJANDRINO, CRISTINA S RDH",3
"ALVARADO, MICHAEL ANGELO",1
"ANDERSON, NELIA",1
"ANGELA, MICHELLE NONE",1
"AQUINO, MANOLITO RN",1
"AVERY, JANELLE GRACE RN",1
"BAHTEN, REGINA S MD",2
"BALANCE, AUREA",1
"BALASINGAM, SARASWATHY MD",9
"BARKER, CEREALRAYE",2
"BARKER, TAMRA LEE MD",2
"BARLOW, JENNIFER L D P M",3
"BASARAN, JOANN MD",1
"BASS, ROBERTA MS",2
"BAXTER, MOLLY J BS",1
"BEALS, TAYLOR D",5
"BEAMESDERFER, SYLVIA MD",3
"BENCHEA, BENJAMIN NONE",4
"BERRINGER, WILLIE CALVIN RN",2
"BLAKLEY, ROBYN MICHELLE",2
"BOOMGARDEN, KATI RN",1
"BOPARAI, ROSIE K MD",2
"BOWMAN, LATOYA LVN",1
"BRADFORD, JANEL M LVN",1
"BREED, BRIGGETT",1
"BROWN, JAMES NONE",2
"BUGGS, RICCIO VANKEITH SR",1
"BULAONG, ALICIA F",1
"BUTLER, ELLA NONE",5
"CALKINS, ASA MARK NP",1
"CARLSON, LUCY S NONE",1
"CARMODY, KIMBERLY SIMNION RN",1
"CASSIDY, JENNIFER K",2
"CHAN, GINGER DDS",3
"CHAND, PRAVEEN L CNA",2
"CHANG, MYO S",1
"CHAO, WILLIAM DMD",1
"CHARY, SESHA MD",2
"CHEEVER, JOHN RAY LVN",1
"CHEN, FRANK DDS",2
"CHIE, LINDA B DDS",1
"CHOW, BRIAN",1
"CLARK, LISA A LVN",3
"CLEMENTS-KEETER, JADA AS",2
"COLEMON, VIVIAN DENISE LVN",1
"CONOVER, BEN MA",1
"COOKE, NAOMI",1
"CORBETT, CRISTA OD",1
"CORTEZ, ANN MARIE",2
"CRONIN, TIM",1
"CRONSHAGEN, ERIN C AA",1
"DAMIANO, PETER MICHAEL RN",1
"DAVIS, DOROTHY",4
"DELAO, SARA ELIZABETH RN",1
"DELVALLE, ESTENYS CARIDAD NP",1
"DEVERA, ANICETO LISING",1
"DORJEE, KUNCHOK MD",2
"DOWNHILL, JACK MD",1
"DSOUZA, SHANTHI JANUVIW NP",1
"DUCKETT, MARK A DDS",1
"DURBIN, BRITTNEE CATHERENE none",1
"ECKERT, MARIANNA E NONE",1
"ELIE, GREGORY NONE",1
"EPLEY, ROBERT",1
"ESTRELLADO, SALLY NONE",2
"EULIE, PHILIP MD",1
"FALLMAN, JENNIFER LC",1
"FARMER, LESLIE MD",1
"FAY, BELVA A SW",1
"FIECHTNER, BRIDGET KAYE MD",2
"FISH, JAMIE W",1
"FISHER, CLIFFORD B MD",2
"FLORIDA, MARIA CLARISSA BSN",1
"FORBES, JONATHAN A MD",3
"FOWLER, GLORIA",1
"FULP, LORNIS D",7
"GAMU, BEVERLY A RN",2
"GIOVANIELLO, KELLI J NP",1
"GLASER, LISA W DPT",1
"GLOVER, DEJUAN JERAY NONE",1
"GOSCH, CHRISTINE E DPM",4
"GREWAL, SAVITOJ NONE",2
"GRIMES, PAUL W Y",6
"GUINTO, FORTUNATO VILLAFLORES CNA",1
"GUTIERRES, JANET R",1
"HACHIGIAN, GREGOARY S MD",1
"HANNON, SCARLOTTE S CNA",1
"HANSON, RHONDA K.",1
"HAUPT, KARA",1
"HEMPING, EZRA M",1
"HERAMIA, ALMITA NP",6
"HERRERA, RAFAEL V",2
"HIRIGOYEN, PAMELA RN",2
"HOERGER, JOSHUA L MD",1
"HOFACKER, PAUL W PHD",1
"HOOVER, DOROTHEA MD",1
"HOWARD, SHAWNIECE",1
"HULSE, DENA GILES YES",1
"HURD, NADINE SOPHIA",2
"ICHIKAWA, SETH DDS",6
"JAMES, JOSEPH YES",4
"JAMES, RENE I",1
"JOHNSON, JEFFREY",1
"JOHNSON, MAURICE LLEWELLYN",1
"JONES, RENEE",1
"JONES, SHEARON RN",1
"KANG, HYEON HYE PHARMD",1
"KEARNEY, WILLIAM J MD",2
"KELLY, MICHAEL H RN",1
"KEY, CINDI",2
"KHAUV, MENG K MD",2
"KLOAK, GERALD D CNA",2
"KOPECKY, ABIGAIL MD",1
"LARSON, BRANDON WILLIAM",4
"LEDFORD, ROSEANNA A LVN",3
"LEE, PAULETTE",1
"LEE, RITA Y MD",1
"LEE, SAMANTHA CARREEN CNA",2
"LEONARD, SARAH ELIZABETH",5
"LEWIS, SANDRA F",1
"LOKEN, LAWANDA NONE",1
"LOOYSEN, BRENDA LEE LVN",3
"LOPEZ, JAMIE R NONE",1
"LOPEZ, JOSEPH J",3
"LORD, LISA-MARIE",1
"LOUNSBURY, MICHELLE RN",1
"LOURENCO, FRANK DAVID PHARMD",1
"LOW, DORIE W AUD",1
"LOWNEY, JUSTIN M",1
"LUNDY, LILLIAN E",1
"MACBRIDE, GINGER",2
"MADERA, JOSEPHINE A",3
"MADRUGA, LISA RN",1
"MAGNUSON, RALPH C PT",1
"MANDIN, PROCULA D RN",1
"MANOSALVA, JOEL MD",1
"MANTSCH, PETER PHARMD",1
"MARSH, KRISTOPHER POHLMAN",2
"MARTELL, REECE L",1
"MARTIN, JENINE M AUD",1
"MARTIN, MICHELE D DPM",2
"MARTIN, SANDRA DPM",1
"MBAZOMO, ONDRA J CNA",1
"MCALPINE, SAMUEL W MD",1
"MCBRIDE, ELIZABETH PT",2
"MCCONACHIE, TRACY M RN",1
"MCCORISON, LADONNA IRENE NONE",1
"MCCREADY, JACK D AA",1
"MEADOWS, TODD RN",1
"MEDINA, VLADIMIR Y MD",3
"MINHAJ, SEEMA MD",5
"MORACE, JUDY NONE",1
"MORGAN, KIMBERLY ANN OTD",2
"MOSUR, MICHAEL DMD ABGD",1
"NEILL, REBECCA DDS",1
"NGYUEN, NGOC THIEN",1
"NUTTER, BENJAMIN WILLIAM HS",1
"O'CONNOR, MARYLEE",1
"OWEN, JENNIFER LCSW",1
"PAINTER, JAMES B",1
"PANAL, RAMONITO H MD",1
"PANOSSIAN, LORI A MD",1
"PATTERSON, LAQUITA ROCHELLE CNA",4
"PEDERSEN, CHRISTINA MARIE RN",1
"QELI, ALBI MD",1
"RAMIREZ, MARILYN JO",1
"RAMIREZ, RENE OT",1
"RATHORE, INDERPREET S MD",2
"REEVES, ELIZABETH SANTOS RN",1
"REMLER, MICHAEL P MD",5
"RIST, ROBERT RPH",3
"ROST, KENNETH",1
"ROWE, PAUL M LVN",2
"RUBERO, JUAN RICARDO MD",47
"RUTHERFORD, RIAN WELLINGTON MD",1
"SAELEE, NAIFONG RN",1
"SAKBUN, RATHEANY MD",1
"SALOMON, JAMIE LYNN",1
"SANTOS-CURCINI, CLARA",2
"SCHAFER, NATHAN C MD",28
"SCHERER, samantha a PharmD",1
"SCHERTZ, DIANE M",1
"SCHNUR, PAUL J",18
"SEDROME, EMILY GAJE CNA",1
"SHEA, AMANDA",1
"SHELBURNE, RHONDA L RN",1
"SHELTON, LUPE RN",2
"SHERROD, DEBORAH ANN",2
"SHERROD, PAT LEDAL JR NONE",5
"SHORTER, TOMMIE NONE",3
"SILVESTRI, JANET BA",1
"SINGH, MANJULA RDA",1
"SMITH, KIMBERLY C",1
"SMOOT, TRACEY",1
"SORIANO, ZORAIDA MD",1
"SPAETHE, SHERYL ANN",1
"STAATS, KAREN NP",2
"STARKS, HERBERT Y",1
"STROHECKER, LORRIE MD",1
"SUTHERLAND, BRIDGET I",1
"SZETO, DEBORAH ANN ADN",1
"TELETEN, YULIYA V RN",1
"TEMPLADO, CORSINI C MD",1
"THOMAS, KIM DENISE",1
"TINER, WILLIAM KEITH",1
"TIVORAT, SUNANTA RN",1
"TOLARI-MALM, SUZZANNE RN",1
"TOLLEY, lois g RN",1
"TORRES, KATHERINE",1
"TOWLEN, LESLI D RN",3
"TRAN, CHRISTINE DDS",1
"TRAN, SERENE MD",1
"TSE, FELIX DDS",2
"TUCKER, MELISSA C",1
"TUIOTI, APISETA UNK",1
"VAN, LUCY ADN",1
"WACHTER, SARA RN",1
"WALIA, RINKY JASMIN MD",1
"WALSH-HOOBLER, STACEY SW",2
"WALTER, MARC C MD",1
"WALTHER, PAMELA J",11
"WATTS, PAUL PHARMD",2
"WHITE, BRINDA J AA",1
"WIEDEMAN, JAMES MD",1
"WIGGLESWORTH, STACEY MA",1
"WILDS, CAREN CSW",1
"WILLIAMS, BRENDA LYNN as",7
"WILLIAMS, WILMA",1
"WILSON, ERIN PTA",2
"WITHERSPOON, TOM NONE",1
"WONG, GINA G OD",3
"WONG, TIFFANY MD",1
"WROBLICKY, PETER",1
"WYDLER, LOTTIE MARIE",2
"YANG, GERALD DDS",1
"YANUCK, MICHAEL D MD",1
"YUNG, SUNNY MD",1
"ZALESNY, ROXANNA LC",3
