Name,Site,Lead
"Addagatla, Jane",MCC,YES
"Alba, Rey",MTZ,
"Alpuerto, Zenen",MTZ,
"Anchufusi, Ann",RDG,
"Aragon, Linda A",MI,
"Awan, Tayyiba",SAC,
"Balasingam, Saraswathy",SAC,
"Barker, Tamra",SAC,
"Basaran, Joann",FF/MI,YES
"Bawa, Amit",RDG,
"Beamesderfer, Sylvia B",MCC,
"Boparai, Rosie",SAC,
"Bucaycay, Eleanor",MCC,
"Carter, Scott K",MTZ,YES
"Chang, Myo",FF,
"Chapman, David B",MTZ,
"Chou, Huaming",MI,
"Chun, Ronald",OAK,YES
"David, Floyd",YC,YES
"Deguzman, Nelson",RDG,
"Doctor, Frederico",MCC,
"Dorjee, Kunchok",CHICO,
"Dulai, Kamalpreet",MTZ,
"Fabi, Mary Rose",UC OAK,
"Farmer, Leslie",SAC,
"Feicther, Briggette",SAC,
"Fisher, Clifford B",SAC,YES
"Flores, Clifford G",OAK,
"Glimcher, Mark",SAC,
"Goyal, Poornima",OAK,
"Hoover, Dorothea",SAC,
"Jacob, Rose",MTZ,
"Jamm, Lily",RDG,
"Karling-Isaacs, Debra L",MCC,
"Karp, Richard A",OAK,
"Kaur, Amanpreet",MTZ,
"Khauv, Meng",SAC,
"Kong-Sibal, Jeanette",CHICO,
"Kuhl, Sarah",UC MTZ,
"Kumar, Munish",SAC,
"Lee, Jaehho",SAC,
"Lee, Kai Man",UC MTZ,
"Luo, Tina",MTZ,
"Machulik, Brian",SAC,
"Magloire, Alix J",OAK,
"Mawis, Roland",SAC,
"McAlpine, Samuel",FF,
"Medina, Vladimir Y",RDG,
"Minhaj, Seema",SAC,
"Moehring, Kurt",SAC,
"Mori, Jonathan",SAC,
"Neis-Gimenez, Marissa",MCC,
"Nguyen, Honghung",SAC,
"Nguyen-Dinh, Thanh",OAK,
"Othman, Marichelle",MTZ,
"Panal, Ramonito",MCC,
"Patil, Anita",UC OAK,
"Piya, Bina",MTZ,
"Reynosa-Soriano, Zoraida",MCC,
"Rubero, Juan",SAC,
"Rutherford, Rian",RDG,YES
"Sanghera, Inderpreet",MCC,
"Sarna, Leslie",SAC,
"Schafer, Nathan",CHICO,YES
"Schnur, Paul",CHICO,
"Seely, Keith",UC RDG,
"Shedd, Kenneth S",OAK,
"Singh, Gurinder",YC,
"Strohecker, Lorrie",SAC,
"Swenson, Rodney",RDG,
"Tanguilig, Tito",MCC,
"Templado, Corsini C",RDG,
"Walia, Savita",FF,
"Woods, Dirk",OAK UC,
"Yanuck, Michael",SAC,
"Yung, Sunny",SAC,
